"Label (Grouping)","SEX AND AGE","SEX AND AGE!!Total population","SEX AND AGE!!Male","SEX AND AGE!!Female","SEX AND AGE!!Under 5 years","SEX AND AGE!!5 to 9 years","SEX AND AGE!!10 to 14 years","SEX AND AGE!!15 to 19 years","SEX AND AGE!!20 to 24 years","SEX AND AGE!!25 to 34 years","SEX AND AGE!!35 to 44 years","SEX AND AGE!!45 to 54 years","SEX AND AGE!!55 to 59 years","SEX AND AGE!!60 to 64 years","SEX AND AGE!!65 to 74 years","SEX AND AGE!!75 to 84 years","SEX AND AGE!!85 years and over","SEX AND AGE!!Median age (years)","SEX AND AGE!!18 years and over","SEX AND AGE!!21 years and over","SEX AND AGE!!62 years and over","SEX AND AGE!!65 years and over","SEX AND AGE!!18 years and over","SEX AND AGE!!Male","SEX AND AGE!!Female","SEX AND AGE!!65 years and over","SEX AND AGE!!Male","SEX AND AGE!!Female","RACE","RACE!!Total population","RACE!!One race","RACE!!Two or more races","RACE!!One race","RACE!!One race!!White","RACE!!One race!!Black or African American","RACE!!One race!!American Indian and Alaska Native","RACE!!One race!!American Indian and Alaska Native!!Cherokee tribal grouping","RACE!!One race!!American Indian and Alaska Native!!Chippewa tribal grouping","RACE!!One race!!American Indian and Alaska Native!!Navajo tribal grouping","RACE!!One race!!American Indian and Alaska Native!!Sioux tribal grouping","RACE!!One race!!Asian","RACE!!One race!!Asian!!Asian Indian","RACE!!One race!!Asian!!Chinese","RACE!!One race!!Asian!!Filipino","RACE!!One race!!Asian!!Japanese","RACE!!One race!!Asian!!Korean","RACE!!One race!!Asian!!Vietnamese","RACE!!One race!!Asian!!Other Asian","RACE!!One race!!Native Hawaiian and Other Pacific Islander","RACE!!One race!!Native Hawaiian and Other Pacific Islander!!Native Hawaiian","RACE!!One race!!Native Hawaiian and Other Pacific Islander!!Guamanian or Chamorro","RACE!!One race!!Native Hawaiian and Other Pacific Islander!!Samoan","RACE!!One race!!Native Hawaiian and Other Pacific Islander!!Other Pacific Islander","RACE!!One race!!Some other race","RACE!!Two or more races","RACE!!Two or more races!!White and Black or African American","RACE!!Two or more races!!White and American Indian and Alaska Native","RACE!!Two or more races!!White and Asian","RACE!!Two or more races!!Black or African American and American Indian and Alaska Native","RACE!!Race alone or in combination with one or more other races","RACE!!Race alone or in combination with one or more other races!!Total population","RACE!!White","RACE!!Black or African American","RACE!!American Indian and Alaska Native","RACE!!Asian","RACE!!Native Hawaiian and Other Pacific Islander","RACE!!Some other race","HISPANIC OR LATINO AND RACE","HISPANIC OR LATINO AND RACE!!Total population","HISPANIC OR LATINO AND RACE!!Hispanic or Latino (of any race)","HISPANIC OR LATINO AND RACE!!Hispanic or Latino (of any race)!!Mexican","HISPANIC OR LATINO AND RACE!!Hispanic or Latino (of any race)!!Puerto Rican","HISPANIC OR LATINO AND RACE!!Hispanic or Latino (of any race)!!Cuban","HISPANIC OR LATINO AND RACE!!Hispanic or Latino (of any race)!!Other Hispanic or Latino","HISPANIC OR LATINO AND RACE!!Not Hispanic or Latino","HISPANIC OR LATINO AND RACE!!Not Hispanic or Latino!!White alone","HISPANIC OR LATINO AND RACE!!Not Hispanic or Latino!!Black or African American alone","HISPANIC OR LATINO AND RACE!!Not Hispanic or Latino!!American Indian and Alaska Native alone","HISPANIC OR LATINO AND RACE!!Not Hispanic or Latino!!Asian alone","HISPANIC OR LATINO AND RACE!!Not Hispanic or Latino!!Native Hawaiian and Other Pacific Islander alone","HISPANIC OR LATINO AND RACE!!Not Hispanic or Latino!!Some other race alone","HISPANIC OR LATINO AND RACE!!Not Hispanic or Latino!!Two or more races","HISPANIC OR LATINO AND RACE!!Not Hispanic or Latino!!Two or more races!!Two races including Some other race","HISPANIC OR LATINO AND RACE!!Not Hispanic or Latino!!Two or more races!!Two races excluding Some other race, and Three or more races","HISPANIC OR LATINO AND RACE!!Total housing units"
"Alabama","","","","","","","","","","","","","","","","","","","","","","","","","","","","","","","","","","","","","","","","","","","","","","","","","","","","","","","","","","","","","","","","","","","","","","","","","","","","","","","","","","","","",""
"    Estimate","","4,802,740","2,324,413","2,478,327","298,465","302,411","327,106","338,270","343,410","609,611","613,286","687,009","310,121","299,261","380,257","213,124","80,409","38.1","3,678,352","3,466,655","850,055","673,790","3,678,352","1,753,623","1,924,729","673,790","285,310","388,480","","4,802,740","4,738,290","64,450","4,738,290","3,318,110","1,281,095","24,408","9,224","141","12","514","54,259","11,383","8,176","6,343","1,018","8,328","9,195","9,816","1,919","N","N","N","N","58,499","64,450","17,381","24,060","7,704","2,817","","4,802,740","3,373,539","1,307,900","54,540","66,678","3,782","65,584","","4,802,740","186,204","125,912","12,950","3,658","43,684","4,616,536","3,202,563","1,274,852","22,533","53,243","1,902","3,880","57,563","2,546","55,017","2,182,199"
"    Percent","","4,802,740","48.4%","51.6%","6.2%","6.3%","6.8%","7.0%","7.2%","12.7%","12.8%","14.3%","6.5%","6.2%","7.9%","4.4%","1.7%","(X)","76.6%","72.2%","17.7%","14.0%","3,678,352","47.7%","52.3%","673,790","42.3%","57.7%","","4,802,740","98.7%","1.3%","98.7%","69.1%","26.7%","0.5%","0.2%","0.0%","0.0%","0.0%","1.1%","0.2%","0.2%","0.1%","0.0%","0.2%","0.2%","0.2%","0.0%","N","N","N","N","1.2%","1.3%","0.4%","0.5%","0.2%","0.1%","","4,802,740","70.2%","27.2%","1.1%","1.4%","0.1%","1.4%","","4,802,740","3.9%","2.6%","0.3%","0.1%","0.9%","96.1%","66.7%","26.5%","0.5%","1.1%","0.0%","0.1%","1.2%","0.1%","1.1%","(X)"
"Alaska","","","","","","","","","","","","","","","","","","","","","","","","","","","","","","","","","","","","","","","","","","","","","","","","","","","","","","","","","","","","","","","","","","","","","","","","","","","","","","","","","","","","",""
"    Estimate","","722,718","372,916","349,802","54,031","50,720","52,805","49,546","58,754","106,279","93,356","107,984","52,473","38,403","37,827","15,742","4,798","33.9","534,495","502,721","79,992","58,367","534,495","277,149","257,346","58,367","28,415","29,952","","722,718","662,489","60,229","662,489","482,698","23,143","102,293","889","225","52","348","37,971","866","2,186","17,938","2,022","5,788","1,295","7,876","7,785","567","372","6,105","741","8,599","60,229","6,096","31,841","7,991","3,900","","722,718","533,690","36,376","142,478","50,181","11,533","11,999","","722,718","41,627","22,300","6,009","1,195","12,123","681,091","459,836","21,811","99,791","37,971","7,557","529","53,596","273","53,323","311,182"
"    Percent","","722,718","51.6%","48.4%","7.5%","7.0%","7.3%","6.9%","8.1%","14.7%","12.9%","14.9%","7.3%","5.3%","5.2%","2.2%","0.7%","(X)","74.0%","69.6%","11.1%","8.1%","534,495","51.9%","48.1%","58,367","48.7%","51.3%","","722,718","91.7%","8.3%","91.7%","66.8%","3.2%","14.2%","0.1%","0.0%","0.0%","0.0%","5.3%","0.1%","0.3%","2.5%","0.3%","0.8%","0.2%","1.1%","1.1%","0.1%","0.1%","0.8%","0.1%","1.2%","8.3%","0.8%","4.4%","1.1%","0.5%","","722,718","73.8%","5.0%","19.7%","6.9%","1.6%","1.7%","","722,718","5.8%","3.1%","0.8%","0.2%","1.7%","94.2%","63.6%","3.0%","13.8%","5.3%","1.0%","0.1%","7.4%","0.0%","7.4%","(X)"
"Arizona","","","","","","","","","","","","","","","","","","","","","","","","","","","","","","","","","","","","","","","","","","","","","","","","","","","","","","","","","","","","","","","","","","","","","","","","","","","","","","","","","","","","",""
"    Estimate","","6,482,505","3,228,514","3,253,991","447,964","452,876","452,256","455,642","462,544","866,715","824,699","839,975","387,403","369,278","524,094","289,632","109,427","36.2","4,858,481","4,566,921","1,140,310","923,153","4,858,481","2,396,824","2,461,657","923,153","422,047","501,106","","6,482,505","6,288,212","194,293","6,288,212","5,141,027","265,940","289,812","2,496","1,850","142,509","2,305","177,297","33,188","36,510","33,390","9,744","16,197","26,152","22,116","11,941","5,192","1,140","933","4,676","402,195","194,293","40,144","36,784","39,438","4,556","","6,482,505","5,308,097","323,562","346,380","235,750","22,939","455,685","","6,482,505","1,949,295","1,772,431","27,417","9,852","139,595","4,533,210","3,713,340","250,296","263,305","173,826","10,983","6,376","115,084","3,675","111,409","2,864,360"
"    Percent","","6,482,505","49.8%","50.2%","6.9%","7.0%","7.0%","7.0%","7.1%","13.4%","12.7%","13.0%","6.0%","5.7%","8.1%","4.5%","1.7%","(X)","74.9%","70.4%","17.6%","14.2%","4,858,481","49.3%","50.7%","923,153","45.7%","54.3%","","6,482,505","97.0%","3.0%","97.0%","79.3%","4.1%","4.5%","0.0%","0.0%","2.2%","0.0%","2.7%","0.5%","0.6%","0.5%","0.2%","0.2%","0.4%","0.3%","0.2%","0.1%","0.0%","0.0%","0.1%","6.2%","3.0%","0.6%","0.6%","0.6%","0.1%","","6,482,505","81.9%","5.0%","5.3%","3.6%","0.4%","7.0%","","6,482,505","30.1%","27.3%","0.4%","0.2%","2.2%","69.9%","57.3%","3.9%","4.1%","2.7%","0.2%","0.1%","1.8%","0.1%","1.7%","(X)"
"Arkansas","","","","","","","","","","","","","","","","","","","","","","","","","","","","","","","","","","","","","","","","","","","","","","","","","","","","","","","","","","","","","","","","","","","","","","","","","","","","","","","","","","","","",""
"    Estimate","","2,937,979","1,447,850","1,490,129","197,666","196,893","201,044","196,256","202,693","382,514","365,721","402,432","188,300","175,835","238,937","138,536","51,152","37.5","2,226,793","2,096,805","530,581","428,625","2,226,793","1,080,057","1,146,736","428,625","187,062","241,563","","2,937,979","2,880,750","57,229","2,880,750","2,296,248","463,364","16,772","N","N","N","N","34,342","4,959","7,425","4,866","948","1,579","5,393","9,172","7,279","884","138","40","6,217","62,745","57,229","14,043","25,102","6,534","2,240","","2,937,979","2,348,406","482,548","46,716","42,799","8,588","68,877","","2,937,979","190,047","150,088","5,592","1,063","33,304","2,747,932","2,181,458","460,178","15,374","34,006","6,967","1,425","48,524","914","47,610","1,324,471"
"    Percent","","2,937,979","49.3%","50.7%","6.7%","6.7%","6.8%","6.7%","6.9%","13.0%","12.4%","13.7%","6.4%","6.0%","8.1%","4.7%","1.7%","(X)","75.8%","71.4%","18.1%","14.6%","2,226,793","48.5%","51.5%","428,625","43.6%","56.4%","","2,937,979","98.1%","1.9%","98.1%","78.2%","15.8%","0.6%","N","N","N","N","1.2%","0.2%","0.3%","0.2%","0.0%","0.1%","0.2%","0.3%","0.2%","0.0%","0.0%","0.0%","0.2%","2.1%","1.9%","0.5%","0.9%","0.2%","0.1%","","2,937,979","79.9%","16.4%","1.6%","1.5%","0.3%","2.3%","","2,937,979","6.5%","5.1%","0.2%","0.0%","1.1%","93.5%","74.3%","15.7%","0.5%","1.2%","0.2%","0.0%","1.7%","0.0%","1.6%","(X)"
"California","","","","","","","","","","","","","","","","","","","","","","","","","","","","","","","","","","","","","","","","","","","","","","","","","","","","","","","","","","","","","","","","","","","","","","","","","","","","","","","","","","","","",""
"    Estimate","","37,691,912","18,750,692","18,941,220","2,533,655","2,515,834","2,580,033","2,751,463","2,867,055","5,404,486","5,169,975","5,253,128","2,279,802","1,938,428","2,376,991","1,390,089","630,973","35.4","28,424,476","26,696,461","5,515,372","4,398,053","28,424,476","14,006,329","14,418,147","4,398,053","1,921,723","2,476,330","","37,691,912","36,097,905","1,594,007","36,097,905","23,698,393","2,253,905","289,597","25,685","2,345","9,130","6,212","4,970,627","578,235","1,294,771","1,182,082","271,685","453,175","610,700","579,979","146,894","23,158","21,201","42,804","59,731","4,738,489","1,594,007","210,104","245,931","434,428","39,443","","37,691,912","25,002,505","2,664,982","689,320","5,643,693","294,022","5,140,866","","37,691,912","14,359,500","11,969,485","205,340","83,518","2,101,157","23,332,412","14,917,153","2,148,618","155,431","4,905,646","136,245","73,698","995,621","51,890","943,731","13,721,187"
"    Percent","","37,691,912","49.7%","50.3%","6.7%","6.7%","6.8%","7.3%","7.6%","14.3%","13.7%","13.9%","6.0%","5.1%","6.3%","3.7%","1.7%","(X)","75.4%","70.8%","14.6%","11.7%","28,424,476","49.3%","50.7%","4,398,053","43.7%","56.3%","","37,691,912","95.8%","4.2%","95.8%","62.9%","6.0%","0.8%","0.1%","0.0%","0.0%","0.0%","13.2%","1.5%","3.4%","3.1%","0.7%","1.2%","1.6%","1.5%","0.4%","0.1%","0.1%","0.1%","0.2%","12.6%","4.2%","0.6%","0.7%","1.2%","0.1%","","37,691,912","66.3%","7.1%","1.8%","15.0%","0.8%","13.6%","","37,691,912","38.1%","31.8%","0.5%","0.2%","5.6%","61.9%","39.6%","5.7%","0.4%","13.0%","0.4%","0.2%","2.6%","0.1%","2.5%","(X)"
"Colorado","","","","","","","","","","","","","","","","","","","","","","","","","","","","","","","","","","","","","","","","","","","","","","","","","","","","","","","","","","","","","","","","","","","","","","","","","","","","","","","","","","","","",""
"    Estimate","","5,116,796","2,569,136","2,547,660","341,041","348,587","340,012","339,145","360,701","744,951","709,547","729,029","341,161","287,125","328,585","171,478","75,434","36.2","3,888,219","3,676,695","742,408","575,497","3,888,219","1,937,510","1,950,709","575,497","256,679","318,818","","5,116,796","4,944,023","172,773","4,944,023","4,318,187","203,243","51,677","3,288","541","5,439","5,170","143,760","20,911","26,268","14,039","9,337","23,941","25,536","23,728","5,949","1,648","1,580","771","1,950","221,207","172,773","29,863","45,666","32,931","4,464","","5,116,796","4,469,887","253,679","115,554","190,263","15,931","259,731","","5,116,796","1,070,559","829,837","25,247","5,834","209,641","4,046,237","3,560,652","196,454","27,931","140,122","5,494","4,848","110,736","2,765","107,971","2,224,661"
"    Percent","","5,116,796","50.2%","49.8%","6.7%","6.8%","6.6%","6.6%","7.0%","14.6%","13.9%","14.2%","6.7%","5.6%","6.4%","3.4%","1.5%","(X)","76.0%","71.9%","14.5%","11.2%","3,888,219","49.8%","50.2%","575,497","44.6%","55.4%","","5,116,796","96.6%","3.4%","96.6%","84.4%","4.0%","1.0%","0.1%","0.0%","0.1%","0.1%","2.8%","0.4%","0.5%","0.3%","0.2%","0.5%","0.5%","0.5%","0.1%","0.0%","0.0%","0.0%","0.0%","4.3%","3.4%","0.6%","0.9%","0.6%","0.1%","","5,116,796","87.4%","5.0%","2.3%","3.7%","0.3%","5.1%","","5,116,796","20.9%","16.2%","0.5%","0.1%","4.1%","79.1%","69.6%","3.8%","0.5%","2.7%","0.1%","0.1%","2.2%","0.1%","2.1%","(X)"
"Connecticut","","","","","","","","","","","","","","","","","","","","","","","","","","","","","","","","","","","","","","","","","","","","","","","","","","","","","","","","","","","","","","","","","","","","","","","","","","","","","","","","","","","","",""
"    Estimate","","3,580,709","1,743,795","1,836,914","196,206","221,922","236,759","254,836","226,583","428,130","467,003","573,005","245,840","215,111","263,918","163,565","87,831","40.3","2,777,089","2,616,107","643,091","515,314","2,777,089","1,332,483","1,444,606","515,314","217,639","297,675","","3,580,709","3,492,125","88,584","3,492,125","2,787,171","359,683","7,481","1,063","0","73","145","141,081","49,786","34,574","11,604","3,705","8,903","8,103","24,406","1,416","N","N","N","N","195,293","88,584","28,782","11,802","12,548","3,401","","3,580,709","2,859,030","405,539","28,406","160,494","4,812","218,739","","3,580,709","494,289","52,931","271,303","9,535","160,520","3,086,420","2,531,612","338,670","4,373","139,496","753","10,131","61,385","6,407","54,978","1,494,042"
"    Percent","","3,580,709","48.7%","51.3%","5.5%","6.2%","6.6%","7.1%","6.3%","12.0%","13.0%","16.0%","6.9%","6.0%","7.4%","4.6%","2.5%","(X)","77.6%","73.1%","18.0%","14.4%","2,777,089","48.0%","52.0%","515,314","42.2%","57.8%","","3,580,709","97.5%","2.5%","97.5%","77.8%","10.0%","0.2%","0.0%","0.0%","0.0%","0.0%","3.9%","1.4%","1.0%","0.3%","0.1%","0.2%","0.2%","0.7%","0.0%","N","N","N","N","5.5%","2.5%","0.8%","0.3%","0.4%","0.1%","","3,580,709","79.8%","11.3%","0.8%","4.5%","0.1%","6.1%","","3,580,709","13.8%","1.5%","7.6%","0.3%","4.5%","86.2%","70.7%","9.5%","0.1%","3.9%","0.0%","0.3%","1.7%","0.2%","1.5%","(X)"
"Delaware","","","","","","","","","","","","","","","","","","","","","","","","","","","","","","","","","","","","","","","","","","","","","","","","","","","","","","","","","","","","","","","","","","","","","","","","","","","","","","","","","","","","",""
"    Estimate","","907,135","439,918","467,217","55,248","57,647","56,393","61,865","64,862","114,197","114,001","133,118","57,042","58,850","75,752","41,907","16,253","39.1","702,510","662,659","169,033","133,912","702,510","335,335","367,175","133,912","58,685","75,227","","907,135","883,007","24,128","883,007","636,680","193,899","2,794","N","N","N","N","29,930","13,148","6,658","2,698","415","3,262","925","2,824","22","N","N","N","N","19,682","24,128","11,468","3,622","2,991","1,837","","907,135","657,018","209,592","8,870","34,388","149","22,386","","907,135","76,153","29,739","24,296","2,715","19,403","830,982","589,845","189,472","2,130","29,818","22","935","18,760","834","17,926","409,779"
"    Percent","","907,135","48.5%","51.5%","6.1%","6.4%","6.2%","6.8%","7.2%","12.6%","12.6%","14.7%","6.3%","6.5%","8.4%","4.6%","1.8%","(X)","77.4%","73.0%","18.6%","14.8%","702,510","47.7%","52.3%","133,912","43.8%","56.2%","","907,135","97.3%","2.7%","97.3%","70.2%","21.4%","0.3%","N","N","N","N","3.3%","1.4%","0.7%","0.3%","0.0%","0.4%","0.1%","0.3%","0.0%","N","N","N","N","2.2%","2.7%","1.3%","0.4%","0.3%","0.2%","","907,135","72.4%","23.1%","1.0%","3.8%","0.0%","2.5%","","907,135","8.4%","3.3%","2.7%","0.3%","2.1%","91.6%","65.0%","20.9%","0.2%","3.3%","0.0%","0.1%","2.1%","0.1%","2.0%","(X)"
"District of Columbia","","","","","","","","","","","","","","","","","","","","","","","","","","","","","","","","","","","","","","","","","","","","","","","","","","","","","","","","","","","","","","","","","","","","","","","","","","","","","","","","","","","","",""
"    Estimate","","617,996","292,283","325,713","36,232","26,634","26,062","40,698","60,109","133,265","82,827","75,369","35,264","31,798","37,760","21,746","10,232","33.4","512,516","474,233","87,864","69,738","512,516","238,716","273,800","69,738","27,814","41,924","","617,996","605,236","12,760","605,236","246,505","309,845","1,956","N","N","N","N","22,510","5,443","5,192","2,479","1,138","2,613","1,656","3,989","0","N","N","N","N","24,420","12,760","3,404","789","4,060","569","","617,996","257,354","316,520","4,990","27,444","449","26,153","","617,996","58,744","8,663","2,580","1,275","46,226","559,252","217,819","305,776","1,485","22,302","0","1,421","10,449","76","10,373","298,908"
"    Percent","","617,996","47.3%","52.7%","5.9%","4.3%","4.2%","6.6%","9.7%","21.6%","13.4%","12.2%","5.7%","5.1%","6.1%","3.5%","1.7%","(X)","82.9%","76.7%","14.2%","11.3%","512,516","46.6%","53.4%","69,738","39.9%","60.1%","","617,996","97.9%","2.1%","97.9%","39.9%","50.1%","0.3%","N","N","N","N","3.6%","0.9%","0.8%","0.4%","0.2%","0.4%","0.3%","0.6%","0.0%","N","N","N","N","4.0%","2.1%","0.6%","0.1%","0.7%","0.1%","","617,996","41.6%","51.2%","0.8%","4.4%","0.1%","4.2%","","617,996","9.5%","1.4%","0.4%","0.2%","7.5%","90.5%","35.2%","49.5%","0.2%","3.6%","0.0%","0.2%","1.7%","0.0%","1.7%","(X)"
"Florida","","","","","","","","","","","","","","","","","","","","","","","","","","","","","","","","","","","","","","","","","","","","","","","","","","","","","","","","","","","","","","","","","","","","","","","","","","","","","","","","","","","","",""
"    Estimate","","19,057,542","9,321,149","9,736,393","1,074,324","1,085,959","1,126,994","1,219,318","1,283,366","2,328,282","2,408,924","2,739,211","1,253,012","1,178,757","1,777,707","1,120,268","461,420","41.1","15,062,592","14,261,235","4,060,615","3,359,395","15,062,592","7,275,850","7,786,742","3,359,395","1,494,405","1,864,990","","19,057,542","18,634,061","423,481","18,634,061","14,535,897","3,046,628","63,416","9,151","1,898","1,419","1,635","463,164","129,970","82,251","80,743","12,269","22,297","69,433","66,201","12,545","4,944","2,624","656","4,321","512,411","423,481","128,390","60,807","77,420","11,134","","19,057,542","14,884,076","3,245,366","155,194","585,292","32,476","607,438","","19,057,542","4,355,051","656,695","883,728","1,315,380","1,499,248","14,702,491","10,927,459","2,922,969","42,523","455,941","10,931","36,497","306,171","26,458","279,713","9,027,271"
"    Percent","","19,057,542","48.9%","51.1%","5.6%","5.7%","5.9%","6.4%","6.7%","12.2%","12.6%","14.4%","6.6%","6.2%","9.3%","5.9%","2.4%","(X)","79.0%","74.8%","21.3%","17.6%","15,062,592","48.3%","51.7%","3,359,395","44.5%","55.5%","","19,057,542","97.8%","2.2%","97.8%","76.3%","16.0%","0.3%","0.0%","0.0%","0.0%","0.0%","2.4%","0.7%","0.4%","0.4%","0.1%","0.1%","0.4%","0.3%","0.1%","0.0%","0.0%","0.0%","0.0%","2.7%","2.2%","0.7%","0.3%","0.4%","0.1%","","19,057,542","78.1%","17.0%","0.8%","3.1%","0.2%","3.2%","","19,057,542","22.9%","3.4%","4.6%","6.9%","7.9%","77.1%","57.3%","15.3%","0.2%","2.4%","0.1%","0.2%","1.6%","0.1%","1.5%","(X)"
"Georgia","","","","","","","","","","","","","","","","","","","","","","","","","","","","","","","","","","","","","","","","","","","","","","","","","","","","","","","","","","","","","","","","","","","","","","","","","","","","","","","","","","","","",""
"    Estimate","","9,815,210","4,808,996","5,006,214","674,027","698,065","706,855","722,839","704,463","1,326,493","1,403,082","1,389,718","584,008","529,765","642,705","317,836","115,354","35.5","7,327,141","6,859,762","1,395,815","1,075,895","7,327,141","3,527,814","3,799,327","1,075,895","458,625","617,270","","9,815,210","9,624,976","190,234","9,624,976","5,961,961","3,021,927","24,980","5,482","227","164","246","322,841","83,666","55,375","23,378","7,492","55,034","47,557","50,339","5,659","1,175","2,107","362","2,015","287,608","190,234","64,213","26,418","34,047","10,763","","9,815,210","6,117,189","3,126,838","72,382","376,258","12,052","316,898","","9,815,210","880,067","540,526","74,321","29,292","235,928","8,935,143","5,441,439","2,976,744","17,014","321,114","4,904","16,526","157,402","7,879","149,523","4,103,118"
"    Percent","","9,815,210","49.0%","51.0%","6.9%","7.1%","7.2%","7.4%","7.2%","13.5%","14.3%","14.2%","6.0%","5.4%","6.5%","3.2%","1.2%","(X)","74.7%","69.9%","14.2%","11.0%","7,327,141","48.1%","51.9%","1,075,895","42.6%","57.4%","","9,815,210","98.1%","1.9%","98.1%","60.7%","30.8%","0.3%","0.1%","0.0%","0.0%","0.0%","3.3%","0.9%","0.6%","0.2%","0.1%","0.6%","0.5%","0.5%","0.1%","0.0%","0.0%","0.0%","0.0%","2.9%","1.9%","0.7%","0.3%","0.3%","0.1%","","9,815,210","62.3%","31.9%","0.7%","3.8%","0.1%","3.2%","","9,815,210","9.0%","5.5%","0.8%","0.3%","2.4%","91.0%","55.4%","30.3%","0.2%","3.3%","0.0%","0.2%","1.6%","0.1%","1.5%","(X)"
"Hawaii","","","","","","","","","","","","","","","","","","","","","","","","","","","","","","","","","","","","","","","","","","","","","","","","","","","","","","","","","","","","","","","","","","","","","","","","","","","","","","","","","","","","",""
"    Estimate","","1,374,810","688,600","686,210","88,020","81,643","83,794","83,289","98,552","192,625","176,023","188,751","91,572","87,072","106,372","64,305","32,792","38.5","1,070,453","1,019,781","252,389","203,469","1,070,453","533,483","536,970","203,469","90,132","113,337","","1,374,810","1,043,258","331,552","1,043,258","343,352","26,281","3,942","N","N","N","N","523,824","2,115","59,509","192,600","187,541","22,900","7,209","51,950","128,087","76,657","1,524","17,156","32,750","17,772","331,552","3,626","7,073","68,751","1,009","","1,374,810","589,821","43,051","30,102","784,550","357,724","36,429","","1,374,810","126,419","34,494","43,834","1,725","46,366","1,248,391","314,810","24,969","2,875","512,081","121,824","1,071","270,761","2,556","268,205","522,314"
"    Percent","","1,374,810","50.1%","49.9%","6.4%","5.9%","6.1%","6.1%","7.2%","14.0%","12.8%","13.7%","6.7%","6.3%","7.7%","4.7%","2.4%","(X)","77.9%","74.2%","18.4%","14.8%","1,070,453","49.8%","50.2%","203,469","44.3%","55.7%","","1,374,810","75.9%","24.1%","75.9%","25.0%","1.9%","0.3%","N","N","N","N","38.1%","0.2%","4.3%","14.0%","13.6%","1.7%","0.5%","3.8%","9.3%","5.6%","0.1%","1.2%","2.4%","1.3%","24.1%","0.3%","0.5%","5.0%","0.1%","","1,374,810","42.9%","3.1%","2.2%","57.1%","26.0%","2.6%","","1,374,810","9.2%","2.5%","3.2%","0.1%","3.4%","90.8%","22.9%","1.8%","0.2%","37.2%","8.9%","0.1%","19.7%","0.2%","19.5%","(X)"
"Idaho","","","","","","","","","","","","","","","","","","","","","","","","","","","","","","","","","","","","","","","","","","","","","","","","","","","","","","","","","","","","","","","","","","","","","","","","","","","","","","","","","","","","",""
"    Estimate","","1,584,985","794,914","790,071","118,486","122,811","119,276","115,152","110,800","206,376","195,100","204,758","101,893","86,047","116,951","63,339","23,996","35.0","1,157,332","1,083,057","254,008","204,286","1,157,332","575,003","582,329","204,286","94,285","110,001","","1,584,985","1,545,525","39,460","1,545,525","1,465,484","8,392","20,511","429","552","841","860","20,913","2,557","6,416","1,457","3,615","3,247","341","3,280","1,287","N","N","N","N","28,938","39,460","6,959","14,481","8,793","609","","1,584,985","1,503,412","17,611","36,962","31,722","2,647","34,452","","1,584,985","181,740","159,268","3,935","1,784","16,753","1,403,245","1,323,093","7,496","18,009","20,196","951","2,410","31,090","499","30,591","674,394"
"    Percent","","1,584,985","50.2%","49.8%","7.5%","7.7%","7.5%","7.3%","7.0%","13.0%","12.3%","12.9%","6.4%","5.4%","7.4%","4.0%","1.5%","(X)","73.0%","68.3%","16.0%","12.9%","1,157,332","49.7%","50.3%","204,286","46.2%","53.8%","","1,584,985","97.5%","2.5%","97.5%","92.5%","0.5%","1.3%","0.0%","0.0%","0.1%","0.1%","1.3%","0.2%","0.4%","0.1%","0.2%","0.2%","0.0%","0.2%","0.1%","N","N","N","N","1.8%","2.5%","0.4%","0.9%","0.6%","0.0%","","1,584,985","94.9%","1.1%","2.3%","2.0%","0.2%","2.2%","","1,584,985","11.5%","10.0%","0.2%","0.1%","1.1%","88.5%","83.5%","0.5%","1.1%","1.3%","0.1%","0.2%","2.0%","0.0%","1.9%","(X)"
"Illinois","","","","","","","","","","","","","","","","","","","","","","","","","","","","","","","","","","","","","","","","","","","","","","","","","","","","","","","","","","","","","","","","","","","","","","","","","","","","","","","","","","","","",""
"    Estimate","","12,869,259","6,309,308","6,559,951","826,970","858,285","867,305","913,267","881,738","1,781,187","1,712,435","1,848,934","820,679","715,864","875,309","527,408","239,878","36.8","9,772,719","9,221,842","2,059,203","1,642,595","9,772,719","4,731,623","5,041,096","1,642,595","695,077","947,518","","12,869,259","12,605,700","263,559","12,605,700","9,328,438","1,867,304","25,818","3,365","641","138","785","599,115","187,093","113,184","113,321","15,453","71,548","27,076","71,440","1,378","381","499","343","155","783,647","263,559","74,800","32,290","59,982","11,593","","12,869,259","9,550,577","1,981,146","83,458","681,165","10,326","842,991","","12,869,259","2,077,030","1,655,160","183,637","22,132","216,101","10,792,229","8,123,890","1,843,317","14,897","595,972","1,225","15,454","197,474","11,601","185,873","5,296,209"
"    Percent","","12,869,259","49.0%","51.0%","6.4%","6.7%","6.7%","7.1%","6.9%","13.8%","13.3%","14.4%","6.4%","5.6%","6.8%","4.1%","1.9%","(X)","75.9%","71.7%","16.0%","12.8%","9,772,719","48.4%","51.6%","1,642,595","42.3%","57.7%","","12,869,259","98.0%","2.0%","98.0%","72.5%","14.5%","0.2%","0.0%","0.0%","0.0%","0.0%","4.7%","1.5%","0.9%","0.9%","0.1%","0.6%","0.2%","0.6%","0.0%","0.0%","0.0%","0.0%","0.0%","6.1%","2.0%","0.6%","0.3%","0.5%","0.1%","","12,869,259","74.2%","15.4%","0.6%","5.3%","0.1%","6.6%","","12,869,259","16.1%","12.9%","1.4%","0.2%","1.7%","83.9%","63.1%","14.3%","0.1%","4.6%","0.0%","0.1%","1.5%","0.1%","1.4%","(X)"
"Indiana","","","","","","","","","","","","","","","","","","","","","","","","","","","","","","","","","","","","","","","","","","","","","","","","","","","","","","","","","","","","","","","","","","","","","","","","","","","","","","","","","","","","",""
"    Estimate","","6,516,922","3,206,430","3,310,492","428,324","440,558","453,693","473,141","465,747","830,830","834,977","930,037","432,672","370,451","462,330","274,086","120,076","37.1","4,919,665","4,618,168","1,071,460","856,492","4,919,665","2,390,114","2,529,551","856,492","365,316","491,176","","6,516,922","6,374,553","142,369","6,374,553","5,512,023","589,109","12,817","2,183","930","306","318","102,695","30,356","25,479","8,975","4,344","10,385","5,517","17,639","786","N","N","N","N","157,123","142,369","57,231","33,974","18,200","2,871","","6,516,922","5,643,266","658,003","55,375","127,692","3,913","178,956","","6,516,922","399,486","312,226","32,215","4,988","50,057","6,117,436","5,295,511","580,310","9,850","101,921","672","8,360","120,812","5,578","115,234","2,800,799"
"    Percent","","6,516,922","49.2%","50.8%","6.6%","6.8%","7.0%","7.3%","7.1%","12.7%","12.8%","14.3%","6.6%","5.7%","7.1%","4.2%","1.8%","(X)","75.5%","70.9%","16.4%","13.1%","4,919,665","48.6%","51.4%","856,492","42.7%","57.3%","","6,516,922","97.8%","2.2%","97.8%","84.6%","9.0%","0.2%","0.0%","0.0%","0.0%","0.0%","1.6%","0.5%","0.4%","0.1%","0.1%","0.2%","0.1%","0.3%","0.0%","N","N","N","N","2.4%","2.2%","0.9%","0.5%","0.3%","0.0%","","6,516,922","86.6%","10.1%","0.8%","2.0%","0.1%","2.7%","","6,516,922","6.1%","4.8%","0.5%","0.1%","0.8%","93.9%","81.3%","8.9%","0.2%","1.6%","0.0%","0.1%","1.9%","0.1%","1.8%","(X)"
"Iowa","","","","","","","","","","","","","","","","","","","","","","","","","","","","","","","","","","","","","","","","","","","","","","","","","","","","","","","","","","","","","","","","","","","","","","","","","","","","","","","","","","","","",""
"    Estimate","","3,062,309","1,512,251","1,550,058","198,202","200,400","202,033","217,583","216,890","386,830","361,560","430,536","204,194","185,891","228,334","153,148","76,708","38.1","2,338,453","2,195,088","565,231","458,190","2,338,453","1,144,355","1,194,098","458,190","195,680","262,510","","3,062,309","3,001,421","60,888","3,001,421","2,800,812","88,258","12,009","730","678","66","1,964","56,040","12,679","10,498","2,859","1,045","7,209","7,745","14,005","1,010","N","N","N","N","43,292","60,888","21,804","18,161","7,793","1,190","","3,062,309","2,857,920","115,008","35,061","66,595","3,180","50,241","","3,062,309","153,241","116,272","6,410","1,726","28,833","2,909,068","2,706,524","86,142","9,831","55,555","1,010","1,459","48,547","783","47,764","1,340,588"
"    Percent","","3,062,309","49.4%","50.6%","6.5%","6.5%","6.6%","7.1%","7.1%","12.6%","11.8%","14.1%","6.7%","6.1%","7.5%","5.0%","2.5%","(X)","76.4%","71.7%","18.5%","15.0%","2,338,453","48.9%","51.1%","458,190","42.7%","57.3%","","3,062,309","98.0%","2.0%","98.0%","91.5%","2.9%","0.4%","0.0%","0.0%","0.0%","0.1%","1.8%","0.4%","0.3%","0.1%","0.0%","0.2%","0.3%","0.5%","0.0%","N","N","N","N","1.4%","2.0%","0.7%","0.6%","0.3%","0.0%","","3,062,309","93.3%","3.8%","1.1%","2.2%","0.1%","1.6%","","3,062,309","5.0%","3.8%","0.2%","0.1%","0.9%","95.0%","88.4%","2.8%","0.3%","1.8%","0.0%","0.0%","1.6%","0.0%","1.6%","(X)"
"Kansas","","","","","","","","","","","","","","","","","","","","","","","","","","","","","","","","","","","","","","","","","","","","","","","","","","","","","","","","","","","","","","","","","","","","","","","","","","","","","","","","","","","","",""
"    Estimate","","2,871,238","1,423,188","1,448,050","202,040","198,290","203,842","206,073","208,899","374,545","349,047","399,500","189,040","158,003","194,584","127,564","59,811","36.3","2,148,825","2,021,054","474,130","381,959","2,148,825","1,053,094","1,095,731","381,959","164,956","217,003","","2,871,238","2,774,699","96,539","2,774,699","2,442,531","167,669","23,830","5,686","242","1,999","521","67,235","14,445","12,293","6,241","1,891","3,764","16,176","12,425","1,642","179","615","19","829","71,792","96,539","26,763","31,598","12,610","4,926","","2,871,238","2,529,665","207,083","65,739","84,969","5,081","82,775","","2,871,238","306,806","257,303","9,207","3,843","36,453","2,564,432","2,231,358","163,868","19,967","66,539","1,550","2,887","78,263","650","77,613","1,237,738"
"    Percent","","2,871,238","49.6%","50.4%","7.0%","6.9%","7.1%","7.2%","7.3%","13.0%","12.2%","13.9%","6.6%","5.5%","6.8%","4.4%","2.1%","(X)","74.8%","70.4%","16.5%","13.3%","2,148,825","49.0%","51.0%","381,959","43.2%","56.8%","","2,871,238","96.6%","3.4%","96.6%","85.1%","5.8%","0.8%","0.2%","0.0%","0.1%","0.0%","2.3%","0.5%","0.4%","0.2%","0.1%","0.1%","0.6%","0.4%","0.1%","0.0%","0.0%","0.0%","0.0%","2.5%","3.4%","0.9%","1.1%","0.4%","0.2%","","2,871,238","88.1%","7.2%","2.3%","3.0%","0.2%","2.9%","","2,871,238","10.7%","9.0%","0.3%","0.1%","1.3%","89.3%","77.7%","5.7%","0.7%","2.3%","0.1%","0.1%","2.7%","0.0%","2.7%","(X)"
"Kentucky","","","","","","","","","","","","","","","","","","","","","","","","","","","","","","","","","","","","","","","","","","","","","","","","","","","","","","","","","","","","","","","","","","","","","","","","","","","","","","","","","","","","",""
"    Estimate","","4,369,356","2,143,745","2,225,611","279,098","289,206","282,810","298,803","297,089","564,651","568,172","637,563","290,195","267,808","335,906","184,945","73,110","38.2","3,344,357","3,150,504","753,908","593,961","3,344,357","1,620,165","1,724,192","593,961","255,092","338,869","","4,369,356","4,289,109","80,247","4,289,109","3,837,605","348,778","9,662","N","N","N","N","50,424","11,642","9,747","3,765","4,481","4,443","5,718","10,628","729","N","N","N","N","41,911","80,247","38,711","16,180","8,316","1,291","","4,369,356","3,911,017","396,429","31,992","63,757","2,602","49,393","","4,369,356","131,508","76,925","13,889","11,057","29,637","4,237,848","3,761,039","343,115","7,709","49,391","644","5,574","70,376","919","69,457","1,932,731"
"    Percent","","4,369,356","49.1%","50.9%","6.4%","6.6%","6.5%","6.8%","6.8%","12.9%","13.0%","14.6%","6.6%","6.1%","7.7%","4.2%","1.7%","(X)","76.5%","72.1%","17.3%","13.6%","3,344,357","48.4%","51.6%","593,961","42.9%","57.1%","","4,369,356","98.2%","1.8%","98.2%","87.8%","8.0%","0.2%","N","N","N","N","1.2%","0.3%","0.2%","0.1%","0.1%","0.1%","0.1%","0.2%","0.0%","N","N","N","N","1.0%","1.8%","0.9%","0.4%","0.2%","0.0%","","4,369,356","89.5%","9.1%","0.7%","1.5%","0.1%","1.1%","","4,369,356","3.0%","1.8%","0.3%","0.3%","0.7%","97.0%","86.1%","7.9%","0.2%","1.1%","0.0%","0.1%","1.6%","0.0%","1.6%","(X)"
"Louisiana","","","","","","","","","","","","","","","","","","","","","","","","","","","","","","","","","","","","","","","","","","","","","","","","","","","","","","","","","","","","","","","","","","","","","","","","","","","","","","","","","","","","",""
"    Estimate","","4,574,836","2,236,117","2,338,719","312,975","304,289","316,150","322,229","346,456","632,061","570,119","639,766","295,153","264,342","321,097","181,542","68,657","35.9","3,455,588","3,249,047","730,036","571,296","3,455,588","1,663,775","1,791,813","571,296","242,945","328,351","","4,574,836","4,497,175","77,661","4,497,175","2,874,839","1,469,876","28,830","2,914","15","274","240","72,484","9,613","10,306","7,059","1,436","3,004","30,421","10,645","3,126","N","N","N","N","48,020","77,661","25,781","18,412","10,270","4,019","","4,574,836","2,941,935","1,510,994","58,144","86,891","4,570","58,164","","4,574,836","197,866","76,772","11,957","11,198","97,939","4,376,970","2,743,421","1,460,785","26,248","71,684","3,126","7,370","64,336","2,890","61,446","1,978,974"
"    Percent","","4,574,836","48.9%","51.1%","6.8%","6.7%","6.9%","7.0%","7.6%","13.8%","12.5%","14.0%","6.5%","5.8%","7.0%","4.0%","1.5%","(X)","75.5%","71.0%","16.0%","12.5%","3,455,588","48.1%","51.9%","571,296","42.5%","57.5%","","4,574,836","98.3%","1.7%","98.3%","62.8%","32.1%","0.6%","0.1%","0.0%","0.0%","0.0%","1.6%","0.2%","0.2%","0.2%","0.0%","0.1%","0.7%","0.2%","0.1%","N","N","N","N","1.0%","1.7%","0.6%","0.4%","0.2%","0.1%","","4,574,836","64.3%","33.0%","1.3%","1.9%","0.1%","1.3%","","4,574,836","4.3%","1.7%","0.3%","0.2%","2.1%","95.7%","60.0%","31.9%","0.6%","1.6%","0.1%","0.2%","1.4%","0.1%","1.3%","(X)"
"Maine","","","","","","","","","","","","","","","","","","","","","","","","","","","","","","","","","","","","","","","","","","","","","","","","","","","","","","","","","","","","","","","","","","","","","","","","","","","","","","","","","","","","",""
"    Estimate","","1,328,188","651,076","677,112","66,221","76,166","78,205","86,276","78,783","144,778","167,184","214,838","101,808","96,621","117,419","70,182","29,707","43.2","1,057,866","1,003,336","275,807","217,308","1,057,866","511,029","546,837","217,308","96,014","121,294","","1,328,188","1,303,121","25,067","1,303,121","1,264,494","13,598","8,148","N","N","N","N","13,498","1,804","2,819","2,367","668","1,716","1,327","2,797","134","N","N","N","N","3,249","25,067","4,751","13,073","4,147","540","","1,328,188","1,288,000","20,057","22,863","18,265","574","4,426","","1,328,188","17,813","5,555","5,558","274","6,426","1,310,375","1,251,992","12,889","8,127","13,134","134","623","23,476","673","22,803","725,650"
"    Percent","","1,328,188","49.0%","51.0%","5.0%","5.7%","5.9%","6.5%","5.9%","10.9%","12.6%","16.2%","7.7%","7.3%","8.8%","5.3%","2.2%","(X)","79.6%","75.5%","20.8%","16.4%","1,057,866","48.3%","51.7%","217,308","44.2%","55.8%","","1,328,188","98.1%","1.9%","98.1%","95.2%","1.0%","0.6%","N","N","N","N","1.0%","0.1%","0.2%","0.2%","0.1%","0.1%","0.1%","0.2%","0.0%","N","N","N","N","0.2%","1.9%","0.4%","1.0%","0.3%","0.0%","","1,328,188","97.0%","1.5%","1.7%","1.4%","0.0%","0.3%","","1,328,188","1.3%","0.4%","0.4%","0.0%","0.5%","98.7%","94.3%","1.0%","0.6%","1.0%","0.0%","0.0%","1.8%","0.1%","1.7%","(X)"
"Maryland","","","","","","","","","","","","","","","","","","","","","","","","","","","","","","","","","","","","","","","","","","","","","","","","","","","","","","","","","","","","","","","","","","","","","","","","","","","","","","","","","","","","",""
"    Estimate","","5,828,289","2,820,212","3,008,077","363,121","366,384","380,928","403,047","399,152","779,561","779,861","899,290","386,418","338,768","402,695","224,977","104,087","38.0","4,481,657","4,234,314","930,365","731,759","4,481,657","2,134,178","2,347,479","731,759","310,658","421,101","","5,828,289","5,676,344","151,945","5,676,344","3,414,300","1,725,923","14,530","2,722","325","355","175","329,770","74,975","73,196","53,095","8,045","49,177","26,038","45,244","1,924","N","N","N","N","189,897","151,945","52,010","15,950","31,424","10,253","","5,828,289","3,536,068","1,808,779","49,384","378,646","7,338","212,554","","5,828,289","489,505","83,181","46,162","11,326","348,836","5,338,784","3,161,062","1,696,598","12,538","328,024","1,681","14,130","124,751","7,139","117,612","2,391,508"
"    Percent","","5,828,289","48.4%","51.6%","6.2%","6.3%","6.5%","6.9%","6.8%","13.4%","13.4%","15.4%","6.6%","5.8%","6.9%","3.9%","1.8%","(X)","76.9%","72.7%","16.0%","12.6%","4,481,657","47.6%","52.4%","731,759","42.5%","57.5%","","5,828,289","97.4%","2.6%","97.4%","58.6%","29.6%","0.2%","0.0%","0.0%","0.0%","0.0%","5.7%","1.3%","1.3%","0.9%","0.1%","0.8%","0.4%","0.8%","0.0%","N","N","N","N","3.3%","2.6%","0.9%","0.3%","0.5%","0.2%","","5,828,289","60.7%","31.0%","0.8%","6.5%","0.1%","3.6%","","5,828,289","8.4%","1.4%","0.8%","0.2%","6.0%","91.6%","54.2%","29.1%","0.2%","5.6%","0.0%","0.2%","2.1%","0.1%","2.0%","(X)"
"Massachusetts","","","","","","","","","","","","","","","","","","","","","","","","","","","","","","","","","","","","","","","","","","","","","","","","","","","","","","","","","","","","","","","","","","","","","","","","","","","","","","","","","","","","",""
"    Estimate","","6,587,536","3,187,794","3,399,742","362,557","380,297","404,436","462,595","475,603","863,319","867,088","1,011,728","455,528","382,476","474,830","297,956","149,123","39.3","5,182,429","4,862,565","1,147,496","921,909","5,182,429","2,469,937","2,712,492","921,909","386,705","535,204","","6,587,536","6,419,478","168,058","6,419,478","5,305,948","451,127","13,160","1,320","418","54","95","365,968","69,465","133,088","12,135","7,890","28,944","51,472","62,974","858","N","N","N","N","282,417","168,058","65,768","18,375","31,802","3,135","","6,587,536","5,450,859","540,769","42,744","408,604","5,789","318,477","","6,587,536","649,272","36,212","278,716","9,574","324,770","5,938,264","4,993,834","406,157","8,709","364,484","799","47,410","116,871","16,906","99,965","2,819,028"
"    Percent","","6,587,536","48.4%","51.6%","5.5%","5.8%","6.1%","7.0%","7.2%","13.1%","13.2%","15.4%","6.9%","5.8%","7.2%","4.5%","2.3%","(X)","78.7%","73.8%","17.4%","14.0%","5,182,429","47.7%","52.3%","921,909","41.9%","58.1%","","6,587,536","97.4%","2.6%","97.4%","80.5%","6.8%","0.2%","0.0%","0.0%","0.0%","0.0%","5.6%","1.1%","2.0%","0.2%","0.1%","0.4%","0.8%","1.0%","0.0%","N","N","N","N","4.3%","2.6%","1.0%","0.3%","0.5%","0.0%","","6,587,536","82.7%","8.2%","0.6%","6.2%","0.1%","4.8%","","6,587,536","9.9%","0.5%","4.2%","0.1%","4.9%","90.1%","75.8%","6.2%","0.1%","5.5%","0.0%","0.7%","1.8%","0.3%","1.5%","(X)"
"Michigan","","","","","","","","","","","","","","","","","","","","","","","","","","","","","","","","","","","","","","","","","","","","","","","","","","","","","","","","","","","","","","","","","","","","","","","","","","","","","","","","","","","","",""
"    Estimate","","9,876,187","4,848,677","5,027,510","583,393","625,273","661,843","721,079","696,275","1,168,784","1,244,067","1,481,912","696,576","609,115","744,826","445,345","197,699","39.2","7,583,102","7,121,940","1,743,935","1,387,870","7,583,102","3,673,776","3,909,326","1,387,870","600,722","787,148","","9,876,187","9,623,356","252,831","9,623,356","7,830,903","1,388,139","54,719","3,317","24,854","276","780","242,232","75,667","46,553","26,648","9,304","26,802","18,353","38,905","2,118","568","313","155","1,082","105,245","252,831","87,065","58,560","40,238","15,661","","9,876,187","8,052,259","1,510,609","143,760","297,203","8,349","133,760","","9,876,187","447,420","330,182","40,808","8,948","67,482","9,428,767","7,536,325","1,372,738","49,534","240,782","2,051","8,907","218,430","7,780","210,650","4,525,654"
"    Percent","","9,876,187","49.1%","50.9%","5.9%","6.3%","6.7%","7.3%","7.1%","11.8%","12.6%","15.0%","7.1%","6.2%","7.5%","4.5%","2.0%","(X)","76.8%","72.1%","17.7%","14.1%","7,583,102","48.4%","51.6%","1,387,870","43.3%","56.7%","","9,876,187","97.4%","2.6%","97.4%","79.3%","14.1%","0.6%","0.0%","0.3%","0.0%","0.0%","2.5%","0.8%","0.5%","0.3%","0.1%","0.3%","0.2%","0.4%","0.0%","0.0%","0.0%","0.0%","0.0%","1.1%","2.6%","0.9%","0.6%","0.4%","0.2%","","9,876,187","81.5%","15.3%","1.5%","3.0%","0.1%","1.4%","","9,876,187","4.5%","3.3%","0.4%","0.1%","0.7%","95.5%","76.3%","13.9%","0.5%","2.4%","0.0%","0.1%","2.2%","0.1%","2.1%","(X)"
"Minnesota","","","","","","","","","","","","","","","","","","","","","","","","","","","","","","","","","","","","","","","","","","","","","","","","","","","","","","","","","","","","","","","","","","","","","","","","","","","","","","","","","","","","",""
"    Estimate","","5,344,861","2,656,471","2,688,390","352,599","358,070","350,621","369,145","353,625","725,526","668,881","802,069","359,591","303,651","366,980","227,998","106,105","37.6","4,067,200","3,840,005","876,137","701,083","4,067,200","2,001,738","2,065,462","701,083","307,540","393,543","","5,344,861","5,209,890","134,971","5,209,890","4,577,875","279,142","60,842","411","32,075","336","7,978","216,270","31,704","26,214","8,902","4,207","13,645","24,637","106,961","763","406","0","238","119","74,998","134,971","44,558","31,811","27,662","4,732","","5,344,861","4,699,947","340,401","106,988","252,051","4,079","87,361","","5,344,861","257,186","180,152","14,114","3,869","59,051","5,087,675","4,421,685","273,387","54,850","215,328","651","4,104","117,670","3,253","114,417","2,354,075"
"    Percent","","5,344,861","49.7%","50.3%","6.6%","6.7%","6.6%","6.9%","6.6%","13.6%","12.5%","15.0%","6.7%","5.7%","6.9%","4.3%","2.0%","(X)","76.1%","71.8%","16.4%","13.1%","4,067,200","49.2%","50.8%","701,083","43.9%","56.1%","","5,344,861","97.5%","2.5%","97.5%","85.7%","5.2%","1.1%","0.0%","0.6%","0.0%","0.1%","4.0%","0.6%","0.5%","0.2%","0.1%","0.3%","0.5%","2.0%","0.0%","0.0%","0.0%","0.0%","0.0%","1.4%","2.5%","0.8%","0.6%","0.5%","0.1%","","5,344,861","87.9%","6.4%","2.0%","4.7%","0.1%","1.6%","","5,344,861","4.8%","3.4%","0.3%","0.1%","1.1%","95.2%","82.7%","5.1%","1.0%","4.0%","0.0%","0.1%","2.2%","0.1%","2.1%","(X)"
"Mississippi","","","","","","","","","","","","","","","","","","","","","","","","","","","","","","","","","","","","","","","","","","","","","","","","","","","","","","","","","","","","","","","","","","","","","","","","","","","","","","","","","","","","",""
"    Estimate","","2,978,512","1,446,634","1,531,878","205,397","201,625","221,471","227,452","209,859","377,837","382,042","405,092","189,562","171,152","219,164","124,616","43,243","36.1","2,226,571","2,073,887","488,055","387,023","2,226,571","1,061,768","1,164,803","387,023","163,419","223,604","","2,978,512","2,944,170","34,342","2,944,170","1,770,546","1,115,359","11,815","N","N","N","N","27,077","4,206","6,283","3,396","762","1,116","10,040","1,274","108","N","N","N","N","19,265","34,342","14,245","6,995","3,005","1,412","","2,978,512","1,800,210","1,135,835","22,579","32,073","1,031","24,412","","2,978,512","81,113","55,637","7,067","1,132","17,277","2,897,399","1,718,213","1,111,889","10,434","27,004","85","1,270","28,504","946","27,558","1,281,760"
"    Percent","","2,978,512","48.6%","51.4%","6.9%","6.8%","7.4%","7.6%","7.0%","12.7%","12.8%","13.6%","6.4%","5.7%","7.4%","4.2%","1.5%","(X)","74.8%","69.6%","16.4%","13.0%","2,226,571","47.7%","52.3%","387,023","42.2%","57.8%","","2,978,512","98.8%","1.2%","98.8%","59.4%","37.4%","0.4%","N","N","N","N","0.9%","0.1%","0.2%","0.1%","0.0%","0.0%","0.3%","0.0%","0.0%","N","N","N","N","0.6%","1.2%","0.5%","0.2%","0.1%","0.0%","","2,978,512","60.4%","38.1%","0.8%","1.1%","0.0%","0.8%","","2,978,512","2.7%","1.9%","0.2%","0.0%","0.6%","97.3%","57.7%","37.3%","0.4%","0.9%","0.0%","0.0%","1.0%","0.0%","0.9%","(X)"
"Missouri","","","","","","","","","","","","","","","","","","","","","","","","","","","","","","","","","","","","","","","","","","","","","","","","","","","","","","","","","","","","","","","","","","","","","","","","","","","","","","","","","","","","",""
"    Estimate","","6,010,688","2,945,756","3,064,932","381,617","395,452","392,118","418,086","414,861","785,188","739,399","872,632","402,155","354,576","460,761","271,401","122,442","38.0","4,596,993","4,331,653","1,063,308","854,604","4,596,993","2,221,379","2,375,614","854,604","370,220","484,384","","6,010,688","5,865,554","145,134","5,865,554","4,991,510","688,379","22,326","7,232","487","396","705","96,187","21,669","24,295","12,609","3,365","7,936","13,640","12,673","5,692","779","868","1,995","2,050","61,460","145,134","49,956","42,233","20,840","5,242","","6,010,688","5,121,421","754,641","76,617","125,353","11,157","74,862","","6,010,688","216,372","147,165","15,490","5,679","48,038","5,794,316","4,855,958","684,018","20,915","95,014","5,396","5,791","127,224","2,983","124,241","2,723,449"
"    Percent","","6,010,688","49.0%","51.0%","6.3%","6.6%","6.5%","7.0%","6.9%","13.1%","12.3%","14.5%","6.7%","5.9%","7.7%","4.5%","2.0%","(X)","76.5%","72.1%","17.7%","14.2%","4,596,993","48.3%","51.7%","854,604","43.3%","56.7%","","6,010,688","97.6%","2.4%","97.6%","83.0%","11.5%","0.4%","0.1%","0.0%","0.0%","0.0%","1.6%","0.4%","0.4%","0.2%","0.1%","0.1%","0.2%","0.2%","0.1%","0.0%","0.0%","0.0%","0.0%","1.0%","2.4%","0.8%","0.7%","0.3%","0.1%","","6,010,688","85.2%","12.6%","1.3%","2.1%","0.2%","1.2%","","6,010,688","3.6%","2.4%","0.3%","0.1%","0.8%","96.4%","80.8%","11.4%","0.3%","1.6%","0.1%","0.1%","2.1%","0.0%","2.1%","(X)"
"Montana","","","","","","","","","","","","","","","","","","","","","","","","","","","","","","","","","","","","","","","","","","","","","","","","","","","","","","","","","","","","","","","","","","","","","","","","","","","","","","","","","","","","",""
"    Estimate","","998,199","500,311","497,888","60,449","63,828","59,101","66,109","71,919","125,005","110,809","144,371","79,474","66,158","83,894","46,847","20,235","39.7","775,128","733,848","189,539","150,976","775,128","385,683","389,445","150,976","70,774","80,202","","998,199","974,074","24,125","974,074","891,294","4,305","66,644","1,661","3,048","351","4,129","5,714","786","820","1,349","1,342","693","183","541","968","N","N","N","N","5,149","24,125","1,677","16,086","3,035","181","","998,199","914,605","7,100","84,557","10,043","1,855","6,218","","998,199","29,331","20,755","1,366","264","6,946","968,868","872,628","4,210","63,501","5,344","957","475","21,753","209","21,544","489,183"
"    Percent","","998,199","50.1%","49.9%","6.1%","6.4%","5.9%","6.6%","7.2%","12.5%","11.1%","14.5%","8.0%","6.6%","8.4%","4.7%","2.0%","(X)","77.7%","73.5%","19.0%","15.1%","775,128","49.8%","50.2%","150,976","46.9%","53.1%","","998,199","97.6%","2.4%","97.6%","89.3%","0.4%","6.7%","0.2%","0.3%","0.0%","0.4%","0.6%","0.1%","0.1%","0.1%","0.1%","0.1%","0.0%","0.1%","0.1%","N","N","N","N","0.5%","2.4%","0.2%","1.6%","0.3%","0.0%","","998,199","91.6%","0.7%","8.5%","1.0%","0.2%","0.6%","","998,199","2.9%","2.1%","0.1%","0.0%","0.7%","97.1%","87.4%","0.4%","6.4%","0.5%","0.1%","0.0%","2.2%","0.0%","2.2%","(X)"
"Nebraska","","","","","","","","","","","","","","","","","","","","","","","","","","","","","","","","","","","","","","","","","","","","","","","","","","","","","","","","","","","","","","","","","","","","","","","","","","","","","","","","","","","","",""
"    Estimate","","1,842,641","912,496","930,145","130,982","130,674","124,193","131,407","129,273","245,845","220,770","255,388","119,370","104,942","125,688","84,636","39,473","36.3","1,382,015","1,299,459","310,052","249,797","1,382,015","676,985","705,030","249,797","108,172","141,625","","1,842,641","1,802,266","40,375","1,802,266","1,624,885","83,693","17,985","427","189","1,489","3,235","34,517","4,660","5,430","1,860","892","2,150","9,858","9,667","693","N","N","N","N","40,493","40,375","12,872","8,261","6,043","2,799","","1,842,641","1,659,694","101,529","31,591","43,032","2,418","47,475","","1,842,641","173,430","135,451","3,963","1,883","32,133","1,669,211","1,506,826","81,571","14,411","33,910","693","442","31,358","549","30,809","801,182"
"    Percent","","1,842,641","49.5%","50.5%","7.1%","7.1%","6.7%","7.1%","7.0%","13.3%","12.0%","13.9%","6.5%","5.7%","6.8%","4.6%","2.1%","(X)","75.0%","70.5%","16.8%","13.6%","1,382,015","49.0%","51.0%","249,797","43.3%","56.7%","","1,842,641","97.8%","2.2%","97.8%","88.2%","4.5%","1.0%","0.0%","0.0%","0.1%","0.2%","1.9%","0.3%","0.3%","0.1%","0.0%","0.1%","0.5%","0.5%","0.0%","N","N","N","N","2.2%","2.2%","0.7%","0.4%","0.3%","0.2%","","1,842,641","90.1%","5.5%","1.7%","2.3%","0.1%","2.6%","","1,842,641","9.4%","7.4%","0.2%","0.1%","1.7%","90.6%","81.8%","4.4%","0.8%","1.8%","0.0%","0.0%","1.7%","0.0%","1.7%","(X)"
"Nevada","","","","","","","","","","","","","","","","","","","","","","","","","","","","","","","","","","","","","","","","","","","","","","","","","","","","","","","","","","","","","","","","","","","","","","","","","","","","","","","","","","","","",""
"    Estimate","","2,723,322","1,372,750","1,350,572","185,186","191,592","174,007","178,918","182,659","386,245","382,434","376,035","166,933","159,673","205,979","98,171","35,490","36.7","2,060,219","1,957,045","433,424","339,640","2,060,219","1,034,399","1,025,820","339,640","160,617","179,023","","2,723,322","2,617,477","105,845","2,617,477","1,948,463","222,551","32,805","1,223","568","2,745","1,079","194,695","12,244","29,945","90,616","13,292","13,513","15,427","19,658","16,360","5,088","3,184","4,156","3,932","202,603","105,845","20,079","12,881","31,358","3,391","","2,723,322","2,030,661","253,565","54,152","247,866","34,135","216,342","","2,723,322","737,221","582,092","18,280","19,396","117,453","1,986,101","1,455,998","213,673","26,486","192,868","16,084","2,263","78,729","1,093","77,636","1,183,917"
"    Percent","","2,723,322","50.4%","49.6%","6.8%","7.0%","6.4%","6.6%","6.7%","14.2%","14.0%","13.8%","6.1%","5.9%","7.6%","3.6%","1.3%","(X)","75.7%","71.9%","15.9%","12.5%","2,060,219","50.2%","49.8%","339,640","47.3%","52.7%","","2,723,322","96.1%","3.9%","96.1%","71.5%","8.2%","1.2%","0.0%","0.0%","0.1%","0.0%","7.1%","0.4%","1.1%","3.3%","0.5%","0.5%","0.6%","0.7%","0.6%","0.2%","0.1%","0.2%","0.1%","7.4%","3.9%","0.7%","0.5%","1.2%","0.1%","","2,723,322","74.6%","9.3%","2.0%","9.1%","1.3%","7.9%","","2,723,322","27.1%","21.4%","0.7%","0.7%","4.3%","72.9%","53.5%","7.8%","1.0%","7.1%","0.6%","0.1%","2.9%","0.0%","2.9%","(X)"
"New Hampshire","","","","","","","","","","","","","","","","","","","","","","","","","","","","","","","","","","","","","","","","","","","","","","","","","","","","","","","","","","","","","","","","","","","","","","","","","","","","","","","","","","","","",""
"    Estimate","","1,318,194","651,060","667,134","67,606","77,439","82,207","91,042","85,693","146,192","174,290","223,201","97,073","88,861","101,746","58,249","24,595","41.5","1,038,525","976,788","238,860","184,590","1,038,525","507,574","530,951","184,590","82,378","102,212","","1,318,194","1,295,552","22,642","1,295,552","1,240,868","14,655","2,154","N","N","N","N","29,002","8,410","5,787","2,150","539","2,741","1,876","7,499","117","N","N","N","N","8,756","22,642","4,909","6,750","7,733","0","","1,318,194","1,262,843","20,099","9,344","38,043","1,028","10,739","","1,318,194","38,497","11,086","11,100","1,924","14,387","1,279,697","1,212,569","14,104","1,581","28,724","117","1,559","21,043","1,032","20,011","617,702"
"    Percent","","1,318,194","49.4%","50.6%","5.1%","5.9%","6.2%","6.9%","6.5%","11.1%","13.2%","16.9%","7.4%","6.7%","7.7%","4.4%","1.9%","(X)","78.8%","74.1%","18.1%","14.0%","1,038,525","48.9%","51.1%","184,590","44.6%","55.4%","","1,318,194","98.3%","1.7%","98.3%","94.1%","1.1%","0.2%","N","N","N","N","2.2%","0.6%","0.4%","0.2%","0.0%","0.2%","0.1%","0.6%","0.0%","N","N","N","N","0.7%","1.7%","0.4%","0.5%","0.6%","0.0%","","1,318,194","95.8%","1.5%","0.7%","2.9%","0.1%","0.8%","","1,318,194","2.9%","0.8%","0.8%","0.1%","1.1%","97.1%","92.0%","1.1%","0.1%","2.2%","0.0%","0.1%","1.6%","0.1%","1.5%","(X)"
"New Jersey","","","","","","","","","","","","","","","","","","","","","","","","","","","","","","","","","","","","","","","","","","","","","","","","","","","","","","","","","","","","","","","","","","","","","","","","","","","","","","","","","","","","",""
"    Estimate","","8,821,155","4,298,542","4,522,613","535,544","560,110","583,087","591,453","546,348","1,122,087","1,217,006","1,371,900","579,766","507,076","628,991","390,452","187,335","39.2","6,778,730","6,424,487","1,503,001","1,206,778","6,778,730","3,254,119","3,524,611","1,206,778","505,334","701,444","","8,821,155","8,604,339","216,816","8,604,339","6,104,543","1,182,905","21,103","N","N","N","N","747,620","299,922","142,330","113,254","12,555","95,613","30,709","53,237","3,365","837","428","124","1,976","544,803","216,816","63,610","18,373","39,163","10,400","","8,821,155","6,274,271","1,286,782","63,448","812,989","12,560","606,522","","8,821,155","1,600,690","219,249","460,551","78,853","842,037","7,220,465","5,164,950","1,124,234","10,359","744,110","1,988","45,295","129,529","14,973","114,556","3,562,720"
"    Percent","","8,821,155","48.7%","51.3%","6.1%","6.3%","6.6%","6.7%","6.2%","12.7%","13.8%","15.6%","6.6%","5.7%","7.1%","4.4%","2.1%","(X)","76.8%","72.8%","17.0%","13.7%","6,778,730","48.0%","52.0%","1,206,778","41.9%","58.1%","","8,821,155","97.5%","2.5%","97.5%","69.2%","13.4%","0.2%","N","N","N","N","8.5%","3.4%","1.6%","1.3%","0.1%","1.1%","0.3%","0.6%","0.0%","0.0%","0.0%","0.0%","0.0%","6.2%","2.5%","0.7%","0.2%","0.4%","0.1%","","8,821,155","71.1%","14.6%","0.7%","9.2%","0.1%","6.9%","","8,821,155","18.1%","2.5%","5.2%","0.9%","9.5%","81.9%","58.6%","12.7%","0.1%","8.4%","0.0%","0.5%","1.5%","0.2%","1.3%","(X)"
"New Mexico","","","","","","","","","","","","","","","","","","","","","","","","","","","","","","","","","","","","","","","","","","","","","","","","","","","","","","","","","","","","","","","","","","","","","","","","","","","","","","","","","","","","",""
"    Estimate","","2,082,224","1,036,558","1,045,666","144,400","140,345","149,365","145,135","148,793","274,404","245,291","284,851","142,195","124,388","162,457","87,238","33,362","36.6","1,564,471","1,470,427","355,847","283,057","1,564,471","767,783","796,688","283,057","127,687","155,370","","2,082,224","2,018,009","64,215","2,018,009","1,492,790","44,365","190,825","867","136","113,227","1,214","25,637","4,939","6,495","3,858","2,351","2,481","1,820","3,693","1,171","325","409","192","245","263,221","64,215","9,889","16,169","7,697","1,321","","2,082,224","1,547,066","60,449","215,752","38,133","3,299","286,642","","2,082,224","973,051","605,644","7,408","6,701","353,298","1,109,173","834,209","36,022","177,860","24,600","717","2,619","33,146","2,735","30,411","908,168"
"    Percent","","2,082,224","49.8%","50.2%","6.9%","6.7%","7.2%","7.0%","7.1%","13.2%","11.8%","13.7%","6.8%","6.0%","7.8%","4.2%","1.6%","(X)","75.1%","70.6%","17.1%","13.6%","1,564,471","49.1%","50.9%","283,057","45.1%","54.9%","","2,082,224","96.9%","3.1%","96.9%","71.7%","2.1%","9.2%","0.0%","0.0%","5.4%","0.1%","1.2%","0.2%","0.3%","0.2%","0.1%","0.1%","0.1%","0.2%","0.1%","0.0%","0.0%","0.0%","0.0%","12.6%","3.1%","0.5%","0.8%","0.4%","0.1%","","2,082,224","74.3%","2.9%","10.4%","1.8%","0.2%","13.8%","","2,082,224","46.7%","29.1%","0.4%","0.3%","17.0%","53.3%","40.1%","1.7%","8.5%","1.2%","0.0%","0.1%","1.6%","0.1%","1.5%","(X)"
"New York","","","","","","","","","","","","","","","","","","","","","","","","","","","","","","","","","","","","","","","","","","","","","","","","","","","","","","","","","","","","","","","","","","","","","","","","","","","","","","","","","","","","",""
"    Estimate","","19,465,197","9,438,007","10,027,190","1,157,457","1,157,267","1,192,952","1,335,714","1,424,103","2,708,911","2,566,794","2,867,178","1,279,807","1,110,094","1,395,702","867,299","401,919","38.1","15,185,575","14,311,755","3,312,736","2,664,920","15,185,575","7,245,549","7,940,026","2,664,920","1,107,309","1,557,611","","19,465,197","18,938,414","526,783","18,938,414","12,710,382","3,036,099","67,731","4,621","334","80","496","1,447,760","325,636","587,775","108,114","35,387","138,706","29,708","222,434","5,562","1,296","1,872","124","2,270","1,670,880","526,783","147,626","50,066","86,569","22,301","","19,465,197","13,105,287","3,290,177","168,521","1,595,953","22,789","1,843,190","","19,465,197","3,496,401","468,253","1,128,843","74,821","1,824,484","15,968,796","11,255,045","2,808,414","47,719","1,439,603","2,432","89,806","325,777","40,695","285,082","8,119,804"
"    Percent","","19,465,197","48.5%","51.5%","5.9%","5.9%","6.1%","6.9%","7.3%","13.9%","13.2%","14.7%","6.6%","5.7%","7.2%","4.5%","2.1%","(X)","78.0%","73.5%","17.0%","13.7%","15,185,575","47.7%","52.3%","2,664,920","41.6%","58.4%","","19,465,197","97.3%","2.7%","97.3%","65.3%","15.6%","0.3%","0.0%","0.0%","0.0%","0.0%","7.4%","1.7%","3.0%","0.6%","0.2%","0.7%","0.2%","1.1%","0.0%","0.0%","0.0%","0.0%","0.0%","8.6%","2.7%","0.8%","0.3%","0.4%","0.1%","","19,465,197","67.3%","16.9%","0.9%","8.2%","0.1%","9.5%","","19,465,197","18.0%","2.4%","5.8%","0.4%","9.4%","82.0%","57.8%","14.4%","0.2%","7.4%","0.0%","0.5%","1.7%","0.2%","1.5%","(X)"
"North Carolina","","","","","","","","","","","","","","","","","","","","","","","","","","","","","","","","","","","","","","","","","","","","","","","","","","","","","","","","","","","","","","","","","","","","","","","","","","","","","","","","","","","","",""
"    Estimate","","9,656,401","4,687,843","4,968,558","626,723","628,884","660,712","663,891","676,834","1,246,395","1,319,454","1,369,600","623,580","564,372","725,945","400,752","149,259","37.7","7,367,259","6,923,735","1,616,222","1,275,956","7,367,259","3,529,894","3,837,365","1,275,956","543,516","732,440","","9,656,401","9,451,546","204,855","9,451,546","6,768,523","2,091,558","111,633","15,152","374","631","357","211,328","63,199","39,819","13,153","4,069","19,588","24,792","46,708","4,132","1,165","716","1,310","941","264,372","204,855","73,280","34,453","27,993","12,689","","9,656,401","6,940,561","2,203,745","177,747","254,183","12,183","295,007","","9,656,401","828,104","484,107","80,805","18,699","244,493","8,828,297","6,267,132","2,064,166","104,424","209,665","3,698","14,576","164,636","5,974","158,662","4,362,956"
"    Percent","","9,656,401","48.5%","51.5%","6.5%","6.5%","6.8%","6.9%","7.0%","12.9%","13.7%","14.2%","6.5%","5.8%","7.5%","4.2%","1.5%","(X)","76.3%","71.7%","16.7%","13.2%","7,367,259","47.9%","52.1%","1,275,956","42.6%","57.4%","","9,656,401","97.9%","2.1%","97.9%","70.1%","21.7%","1.2%","0.2%","0.0%","0.0%","0.0%","2.2%","0.7%","0.4%","0.1%","0.0%","0.2%","0.3%","0.5%","0.0%","0.0%","0.0%","0.0%","0.0%","2.7%","2.1%","0.8%","0.4%","0.3%","0.1%","","9,656,401","71.9%","22.8%","1.8%","2.6%","0.1%","3.1%","","9,656,401","8.6%","5.0%","0.8%","0.2%","2.5%","91.4%","64.9%","21.4%","1.1%","2.2%","0.0%","0.2%","1.7%","0.1%","1.6%","(X)"
"North Dakota","","","","","","","","","","","","","","","","","","","","","","","","","","","","","","","","","","","","","","","","","","","","","","","","","","","","","","","","","","","","","","","","","","","","","","","","","","","","","","","","","","","","",""
"    Estimate","","683,932","343,944","339,988","46,266","42,846","37,632","46,630","62,413","93,441","75,277","94,512","46,212","40,247","48,017","33,069","17,370","36.6","532,654","497,124","119,805","98,456","532,654","268,091","264,563","98,456","43,002","55,454","","683,932","671,278","12,654","671,278","614,327","6,857","38,515","13","16,433","96","10,928","7,070","1,338","1,602","1,160","380","410","1,395","785","147","N","N","N","N","4,362","12,654","3,178","5,298","2,331","167","","683,932","626,421","10,553","44,379","10,125","937","4,944","","683,932","14,923","11,889","1,262","187","1,585","669,009","605,465","6,368","38,264","6,926","147","246","11,593","97","11,496","320,888"
"    Percent","","683,932","50.3%","49.7%","6.8%","6.3%","5.5%","6.8%","9.1%","13.7%","11.0%","13.8%","6.8%","5.9%","7.0%","4.8%","2.5%","(X)","77.9%","72.7%","17.5%","14.4%","532,654","50.3%","49.7%","98,456","43.7%","56.3%","","683,932","98.1%","1.9%","98.1%","89.8%","1.0%","5.6%","0.0%","2.4%","0.0%","1.6%","1.0%","0.2%","0.2%","0.2%","0.1%","0.1%","0.2%","0.1%","0.0%","N","N","N","N","0.6%","1.9%","0.5%","0.8%","0.3%","0.0%","","683,932","91.6%","1.5%","6.5%","1.5%","0.1%","0.7%","","683,932","2.2%","1.7%","0.2%","0.0%","0.2%","97.8%","88.5%","0.9%","5.6%","1.0%","0.0%","0.0%","1.7%","0.0%","1.7%","(X)"
"Ohio","","","","","","","","","","","","","","","","","","","","","","","","","","","","","","","","","","","","","","","","","","","","","","","","","","","","","","","","","","","","","","","","","","","","","","","","","","","","","","","","","","","","",""
"    Estimate","","11,544,951","5,641,528","5,903,423","708,443","750,037","760,141","802,732","774,362","1,421,908","1,451,623","1,711,829","799,780","716,262","870,214","542,765","234,855","39.1","8,852,579","8,350,527","2,078,061","1,647,834","8,852,579","4,263,437","4,589,142","1,647,834","700,686","947,148","","11,544,951","11,278,852","266,099","11,278,852","9,566,847","1,396,483","19,589","6,334","760","93","919","194,814","64,107","46,046","17,690","10,824","15,537","16,116","24,494","1,981","743","655","18","565","99,138","266,099","131,030","44,497","32,335","8,124","","11,544,951","9,807,803","1,561,767","89,190","244,572","10,780","120,781","","11,544,951","364,018","184,363","104,291","6,425","68,939","11,180,933","9,341,867","1,380,254","17,027","192,576","1,358","12,920","234,931","6,276","228,655","5,133,528"
"    Percent","","11,544,951","48.9%","51.1%","6.1%","6.5%","6.6%","7.0%","6.7%","12.3%","12.6%","14.8%","6.9%","6.2%","7.5%","4.7%","2.0%","(X)","76.7%","72.3%","18.0%","14.3%","8,852,579","48.2%","51.8%","1,647,834","42.5%","57.5%","","11,544,951","97.7%","2.3%","97.7%","82.9%","12.1%","0.2%","0.1%","0.0%","0.0%","0.0%","1.7%","0.6%","0.4%","0.2%","0.1%","0.1%","0.1%","0.2%","0.0%","0.0%","0.0%","0.0%","0.0%","0.9%","2.3%","1.1%","0.4%","0.3%","0.1%","","11,544,951","85.0%","13.5%","0.8%","2.1%","0.1%","1.0%","","11,544,951","3.2%","1.6%","0.9%","0.1%","0.6%","96.8%","80.9%","12.0%","0.1%","1.7%","0.0%","0.1%","2.0%","0.1%","2.0%","(X)"
"Oklahoma","","","","","","","","","","","","","","","","","","","","","","","","","","","","","","","","","","","","","","","","","","","","","","","","","","","","","","","","","","","","","","","","","","","","","","","","","","","","","","","","","","","","",""
"    Estimate","","3,791,508","1,877,843","1,913,665","264,196","258,740","261,447","264,356","273,573","512,454","466,418","514,866","241,715","216,353","288,726","166,122","62,542","36.3","2,855,875","2,684,051","647,263","517,390","2,855,875","1,398,064","1,457,811","517,390","226,695","290,695","","3,791,508","3,489,861","301,647","3,489,861","2,792,094","275,392","260,733","93,050","668","669","711","65,513","10,616","9,849","4,894","1,078","5,658","17,133","16,285","5,393","1,486","421","723","2,763","90,736","301,647","29,890","211,620","12,986","15,583","","3,791,508","3,069,926","335,093","502,934","84,912","8,582","107,116","","3,791,508","347,623","290,053","14,445","2,302","40,823","3,443,885","2,584,748","272,021","250,080","62,800","5,206","1,886","267,144","2,157","264,987","1,674,724"
"    Percent","","3,791,508","49.5%","50.5%","7.0%","6.8%","6.9%","7.0%","7.2%","13.5%","12.3%","13.6%","6.4%","5.7%","7.6%","4.4%","1.6%","(X)","75.3%","70.8%","17.1%","13.6%","2,855,875","49.0%","51.0%","517,390","43.8%","56.2%","","3,791,508","92.0%","8.0%","92.0%","73.6%","7.3%","6.9%","2.5%","0.0%","0.0%","0.0%","1.7%","0.3%","0.3%","0.1%","0.0%","0.1%","0.5%","0.4%","0.1%","0.0%","0.0%","0.0%","0.1%","2.4%","8.0%","0.8%","5.6%","0.3%","0.4%","","3,791,508","81.0%","8.8%","13.3%","2.2%","0.2%","2.8%","","3,791,508","9.2%","7.7%","0.4%","0.1%","1.1%","90.8%","68.2%","7.2%","6.6%","1.7%","0.1%","0.0%","7.0%","0.1%","7.0%","(X)"
"Oregon","","","","","","","","","","","","","","","","","","","","","","","","","","","","","","","","","","","","","","","","","","","","","","","","","","","","","","","","","","","","","","","","","","","","","","","","","","","","","","","","","","","","",""
"    Estimate","","3,871,859","1,914,116","1,957,743","238,669","234,200","244,013","247,713","262,510","530,964","501,136","530,263","272,858","256,412","305,988","168,506","78,627","38.7","3,009,839","2,852,066","703,661","553,121","3,009,839","1,472,370","1,537,469","553,121","247,470","305,651","","3,871,859","3,737,178","134,681","3,737,178","3,279,357","70,067","52,026","4,780","2,061","1,159","1,935","152,909","18,066","37,649","16,861","12,356","19,407","24,935","23,635","15,100","4,780","1,813","1,250","7,257","167,719","134,681","20,150","47,208","26,825","1,655","","3,871,859","3,399,910","99,758","109,489","194,863","29,645","185,589","","3,871,859","466,071","397,526","9,837","4,200","54,508","3,405,788","3,016,321","66,696","41,685","149,879","14,284","7,778","109,145","3,609","105,536","1,684,244"
"    Percent","","3,871,859","49.4%","50.6%","6.2%","6.0%","6.3%","6.4%","6.8%","13.7%","12.9%","13.7%","7.0%","6.6%","7.9%","4.4%","2.0%","(X)","77.7%","73.7%","18.2%","14.3%","3,009,839","48.9%","51.1%","553,121","44.7%","55.3%","","3,871,859","96.5%","3.5%","96.5%","84.7%","1.8%","1.3%","0.1%","0.1%","0.0%","0.0%","3.9%","0.5%","1.0%","0.4%","0.3%","0.5%","0.6%","0.6%","0.4%","0.1%","0.0%","0.0%","0.2%","4.3%","3.5%","0.5%","1.2%","0.7%","0.0%","","3,871,859","87.8%","2.6%","2.8%","5.0%","0.8%","4.8%","","3,871,859","12.0%","10.3%","0.3%","0.1%","1.4%","88.0%","77.9%","1.7%","1.1%","3.9%","0.4%","0.2%","2.8%","0.1%","2.7%","(X)"
"Pennsylvania","","","","","","","","","","","","","","","","","","","","","","","","","","","","","","","","","","","","","","","","","","","","","","","","","","","","","","","","","","","","","","","","","","","","","","","","","","","","","","","","","","","","",""
"    Estimate","","12,742,886","6,216,838","6,526,048","720,974","748,956","784,757","894,468","879,496","1,536,268","1,581,638","1,918,829","902,127","792,955","1,000,046","663,715","318,657","40.3","9,981,972","9,388,976","2,452,574","1,982,418","9,981,972","4,800,985","5,180,987","1,982,418","836,104","1,146,314","","12,742,886","12,495,625","247,261","12,495,625","10,485,910","1,372,685","17,315","3,741","428","373","511","358,168","101,584","89,481","25,526","7,829","37,324","45,377","51,047","2,009","891","113","204","801","259,538","247,261","104,663","31,832","40,665","9,745","","12,742,886","10,700,243","1,515,042","72,799","414,861","10,350","297,000","","12,742,886","751,430","132,184","393,786","18,480","206,980","11,991,456","10,075,797","1,326,494","13,396","356,417","1,842","20,949","196,561","8,264","188,297","5,579,394"
"    Percent","","12,742,886","48.8%","51.2%","5.7%","5.9%","6.2%","7.0%","6.9%","12.1%","12.4%","15.1%","7.1%","6.2%","7.8%","5.2%","2.5%","(X)","78.3%","73.7%","19.2%","15.6%","9,981,972","48.1%","51.9%","1,982,418","42.2%","57.8%","","12,742,886","98.1%","1.9%","98.1%","82.3%","10.8%","0.1%","0.0%","0.0%","0.0%","0.0%","2.8%","0.8%","0.7%","0.2%","0.1%","0.3%","0.4%","0.4%","0.0%","0.0%","0.0%","0.0%","0.0%","2.0%","1.9%","0.8%","0.2%","0.3%","0.1%","","12,742,886","84.0%","11.9%","0.6%","3.3%","0.1%","2.3%","","12,742,886","5.9%","1.0%","3.1%","0.1%","1.6%","94.1%","79.1%","10.4%","0.1%","2.8%","0.0%","0.2%","1.5%","0.1%","1.5%","(X)"
"Rhode Island","","","","","","","","","","","","","","","","","","","","","","","","","","","","","","","","","","","","","","","","","","","","","","","","","","","","","","","","","","","","","","","","","","","","","","","","","","","","","","","","","","","","",""
"    Estimate","","1,051,302","508,396","542,906","55,446","60,734","62,459","78,058","82,339","129,313","134,224","159,166","72,960","62,926","75,692","51,231","26,754","39.5","832,228","775,756","189,714","153,677","832,228","396,339","435,889","153,677","63,649","90,028","","1,051,302","1,022,546","28,756","1,022,546","859,000","63,397","4,370","N","N","N","N","33,235","6,368","8,149","2,814","530","1,330","1,292","12,752","188","N","N","N","N","62,356","28,756","7,971","2,658","4,488","3,802","","1,051,302","880,041","79,720","12,823","38,814","955","70,392","","1,051,302","134,714","11,116","35,093","1,379","87,126","916,588","797,346","54,152","2,773","32,804","138","7,050","22,325","4,140","18,185","464,741"
"    Percent","","1,051,302","48.4%","51.6%","5.3%","5.8%","5.9%","7.4%","7.8%","12.3%","12.8%","15.1%","6.9%","6.0%","7.2%","4.9%","2.5%","(X)","79.2%","73.8%","18.0%","14.6%","832,228","47.6%","52.4%","153,677","41.4%","58.6%","","1,051,302","97.3%","2.7%","97.3%","81.7%","6.0%","0.4%","N","N","N","N","3.2%","0.6%","0.8%","0.3%","0.1%","0.1%","0.1%","1.2%","0.0%","N","N","N","N","5.9%","2.7%","0.8%","0.3%","0.4%","0.4%","","1,051,302","83.7%","7.6%","1.2%","3.7%","0.1%","6.7%","","1,051,302","12.8%","1.1%","3.3%","0.1%","8.3%","87.2%","75.8%","5.2%","0.3%","3.1%","0.0%","0.7%","2.1%","0.4%","1.7%","(X)"
"South Carolina","","","","","","","","","","","","","","","","","","","","","","","","","","","","","","","","","","","","","","","","","","","","","","","","","","","","","","","","","","","","","","","","","","","","","","","","","","","","","","","","","","","","",""
"    Estimate","","4,679,230","2,274,282","2,404,948","302,721","300,725","299,636","326,831","338,785","590,872","605,218","651,098","310,751","297,706","384,726","200,396","69,765","38.0","3,597,217","3,366,600","831,375","654,887","3,597,217","1,723,794","1,873,423","654,887","284,165","370,722","","4,679,230","4,594,839","84,391","4,594,839","3,135,216","1,305,093","13,244","2,945","0","0","252","63,356","14,707","10,173","12,788","3,590","6,197","6,696","9,205","2,042","N","N","N","N","75,888","84,391","33,450","18,040","9,377","6,306","","4,679,230","3,207,551","1,350,958","41,839","77,233","6,077","84,956","","4,679,230","241,008","143,305","32,587","5,183","59,933","4,438,222","2,990,361","1,296,389","11,751","62,768","2,042","4,532","70,379","650","69,729","2,157,063"
"    Percent","","4,679,230","48.6%","51.4%","6.5%","6.4%","6.4%","7.0%","7.2%","12.6%","12.9%","13.9%","6.6%","6.4%","8.2%","4.3%","1.5%","(X)","76.9%","71.9%","17.8%","14.0%","3,597,217","47.9%","52.1%","654,887","43.4%","56.6%","","4,679,230","98.2%","1.8%","98.2%","67.0%","27.9%","0.3%","0.1%","0.0%","0.0%","0.0%","1.4%","0.3%","0.2%","0.3%","0.1%","0.1%","0.1%","0.2%","0.0%","N","N","N","N","1.6%","1.8%","0.7%","0.4%","0.2%","0.1%","","4,679,230","68.5%","28.9%","0.9%","1.7%","0.1%","1.8%","","4,679,230","5.2%","3.1%","0.7%","0.1%","1.3%","94.8%","63.9%","27.7%","0.3%","1.3%","0.0%","0.1%","1.5%","0.0%","1.5%","(X)"
"South Dakota","","","","","","","","","","","","","","","","","","","","","","","","","","","","","","","","","","","","","","","","","","","","","","","","","","","","","","","","","","","","","","","","","","","","","","","","","","","","","","","","","","","","",""
"    Estimate","","824,082","410,505","413,577","58,548","55,802","54,352","59,036","58,756","104,412","96,172","115,573","52,597","48,809","60,225","39,487","20,313","37.1","622,233","582,113","148,676","120,025","622,233","308,543","313,690","120,025","52,584","67,441","","824,082","803,942","20,140","803,942","707,944","9,517","71,532","83","1,690","85","62,454","7,855","2,016","1,627","1,001","0","1,053","387","1,771","63","N","N","N","N","7,031","20,140","3,662","12,455","1,115","659","","824,082","727,015","14,917","85,955","9,126","279","8,153","","824,082","22,899","15,786","966","32","6,115","801,183","696,791","9,517","69,088","7,855","54","75","17,803","389","17,414","366,521"
"    Percent","","824,082","49.8%","50.2%","7.1%","6.8%","6.6%","7.2%","7.1%","12.7%","11.7%","14.0%","6.4%","5.9%","7.3%","4.8%","2.5%","(X)","75.5%","70.6%","18.0%","14.6%","622,233","49.6%","50.4%","120,025","43.8%","56.2%","","824,082","97.6%","2.4%","97.6%","85.9%","1.2%","8.7%","0.0%","0.2%","0.0%","7.6%","1.0%","0.2%","0.2%","0.1%","0.0%","0.1%","0.0%","0.2%","0.0%","N","N","N","N","0.9%","2.4%","0.4%","1.5%","0.1%","0.1%","","824,082","88.2%","1.8%","10.4%","1.1%","0.0%","1.0%","","824,082","2.8%","1.9%","0.1%","0.0%","0.7%","97.2%","84.6%","1.2%","8.4%","1.0%","0.0%","0.0%","2.2%","0.0%","2.1%","(X)"
"Tennessee","","","","","","","","","","","","","","","","","","","","","","","","","","","","","","","","","","","","","","","","","","","","","","","","","","","","","","","","","","","","","","","","","","","","","","","","","","","","","","","","","","","","",""
"    Estimate","","6,403,353","3,118,951","3,284,402","399,788","403,272","431,978","431,921","442,002","831,963","841,710","923,784","424,931","392,971","502,187","269,066","107,780","38.3","4,912,899","4,642,796","1,112,943","879,033","4,912,899","2,358,728","2,554,171","879,033","378,137","500,896","","6,403,353","6,281,879","121,474","6,281,879","4,990,068","1,071,463","18,732","6,400","152","25","783","92,286","25,567","14,354","8,786","2,969","8,251","12,375","19,984","2,299","239","571","92","1,397","107,031","121,474","40,195","37,743","15,572","3,777","","6,403,353","5,100,851","1,125,026","66,125","114,333","5,932","120,710","","6,403,353","296,307","197,073","22,829","8,550","67,855","6,107,046","4,823,953","1,066,039","12,886","91,253","2,272","4,896","105,747","2,225","103,522","2,829,125"
"    Percent","","6,403,353","48.7%","51.3%","6.2%","6.3%","6.7%","6.7%","6.9%","13.0%","13.1%","14.4%","6.6%","6.1%","7.8%","4.2%","1.7%","(X)","76.7%","72.5%","17.4%","13.7%","4,912,899","48.0%","52.0%","879,033","43.0%","57.0%","","6,403,353","98.1%","1.9%","98.1%","77.9%","16.7%","0.3%","0.1%","0.0%","0.0%","0.0%","1.4%","0.4%","0.2%","0.1%","0.0%","0.1%","0.2%","0.3%","0.0%","0.0%","0.0%","0.0%","0.0%","1.7%","1.9%","0.6%","0.6%","0.2%","0.1%","","6,403,353","79.7%","17.6%","1.0%","1.8%","0.1%","1.9%","","6,403,353","4.6%","3.1%","0.4%","0.1%","1.1%","95.4%","75.3%","16.6%","0.2%","1.4%","0.0%","0.1%","1.7%","0.0%","1.6%","(X)"
"Texas","","","","","","","","","","","","","","","","","","","","","","","","","","","","","","","","","","","","","","","","","","","","","","","","","","","","","","","","","","","","","","","","","","","","","","","","","","","","","","","","","","","","",""
"    Estimate","","25,674,681","12,741,162","12,933,519","1,953,347","1,981,163","1,901,653","1,890,217","1,873,910","3,671,399","3,512,490","3,449,260","1,465,217","1,268,200","1,541,420","844,061","322,344","33.7","18,716,999","17,552,879","3,451,994","2,707,825","18,716,999","9,182,680","9,534,319","2,707,825","1,186,843","1,520,982","","25,674,681","25,077,779","596,902","25,077,779","19,149,157","3,011,795","128,773","14,670","1,368","1,977","2,478","999,118","254,187","168,387","104,496","16,077","69,477","228,094","158,400","18,726","5,546","5,393","2,581","5,206","1,770,210","596,902","135,267","118,796","97,054","19,930","","25,674,681","19,649,143","3,223,055","295,669","1,155,009","47,206","1,935,347","","25,674,681","9,791,628","8,573,421","137,382","51,939","1,028,886","15,883,053","11,484,230","2,942,701","69,063","983,871","15,908","28,299","358,981","19,347","339,634","10,099,242"
"    Percent","","25,674,681","49.6%","50.4%","7.6%","7.7%","7.4%","7.4%","7.3%","14.3%","13.7%","13.4%","5.7%","4.9%","6.0%","3.3%","1.3%","(X)","72.9%","68.4%","13.4%","10.5%","18,716,999","49.1%","50.9%","2,707,825","43.8%","56.2%","","25,674,681","97.7%","2.3%","97.7%","74.6%","11.7%","0.5%","0.1%","0.0%","0.0%","0.0%","3.9%","1.0%","0.7%","0.4%","0.1%","0.3%","0.9%","0.6%","0.1%","0.0%","0.0%","0.0%","0.0%","6.9%","2.3%","0.5%","0.5%","0.4%","0.1%","","25,674,681","76.5%","12.6%","1.2%","4.5%","0.2%","7.5%","","25,674,681","38.1%","33.4%","0.5%","0.2%","4.0%","61.9%","44.7%","11.5%","0.3%","3.8%","0.1%","0.1%","1.4%","0.1%","1.3%","(X)"
"Utah","","","","","","","","","","","","","","","","","","","","","","","","","","","","","","","","","","","","","","","","","","","","","","","","","","","","","","","","","","","","","","","","","","","","","","","","","","","","","","","","","","","","",""
"    Estimate","","2,817,222","1,417,639","1,399,583","262,298","251,663","238,050","221,824","234,719","441,878","347,367","305,204","139,649","116,246","143,300","81,956","33,068","29.6","1,936,143","1,801,166","327,031","258,324","1,936,143","964,327","971,816","258,324","117,978","140,346","","2,817,222","2,747,864","69,358","2,747,864","2,486,869","32,524","31,795","1,626","180","15,526","694","56,679","4,971","10,374","6,282","7,622","6,144","9,773","11,513","27,209","2,932","1,103","8,218","14,956","112,788","69,358","9,478","12,248","16,352","1,999","","2,817,222","2,546,578","47,618","51,025","80,591","39,628","126,630","","2,817,222","372,913","275,707","5,936","2,172","89,098","2,444,309","2,250,227","28,458","28,249","55,775","26,600","4,205","50,795","2,090","48,705","993,125"
"    Percent","","2,817,222","50.3%","49.7%","9.3%","8.9%","8.4%","7.9%","8.3%","15.7%","12.3%","10.8%","5.0%","4.1%","5.1%","2.9%","1.2%","(X)","68.7%","63.9%","11.6%","9.2%","1,936,143","49.8%","50.2%","258,324","45.7%","54.3%","","2,817,222","97.5%","2.5%","97.5%","88.3%","1.2%","1.1%","0.1%","0.0%","0.6%","0.0%","2.0%","0.2%","0.4%","0.2%","0.3%","0.2%","0.3%","0.4%","1.0%","0.1%","0.0%","0.3%","0.5%","4.0%","2.5%","0.3%","0.4%","0.6%","0.1%","","2,817,222","90.4%","1.7%","1.8%","2.9%","1.4%","4.5%","","2,817,222","13.2%","9.8%","0.2%","0.1%","3.2%","86.8%","79.9%","1.0%","1.0%","2.0%","0.9%","0.1%","1.8%","0.1%","1.7%","(X)"
"Vermont","","","","","","","","","","","","","","","","","","","","","","","","","","","","","","","","","","","","","","","","","","","","","","","","","","","","","","","","","","","","","","","","","","","","","","","","","","","","","","","","","","","","",""
"    Estimate","","626,431","308,393","318,038","30,773","32,680","38,389","45,050","44,887","70,364","77,416","99,748","50,449","43,034","51,742","30,271","11,628","42.0","500,510","467,731","119,450","93,641","500,510","244,021","256,489","93,641","41,852","51,789","","626,431","612,792","13,639","612,792","596,253","5,194","2,140","N","N","N","N","7,733","461","1,918","493","178","1,412","1,740","1,531","245","N","N","N","N","1,227","13,639","2,978","5,149","3,559","309","","626,431","609,323","9,257","8,295","11,548","322","2,012","","626,431","9,134","1,900","3,060","756","3,418","617,297","589,122","5,157","2,073","7,345","245","383","12,972","531","12,441","324,385"
"    Percent","","626,431","49.2%","50.8%","4.9%","5.2%","6.1%","7.2%","7.2%","11.2%","12.4%","15.9%","8.1%","6.9%","8.3%","4.8%","1.9%","(X)","79.9%","74.7%","19.1%","14.9%","500,510","48.8%","51.2%","93,641","44.7%","55.3%","","626,431","97.8%","2.2%","97.8%","95.2%","0.8%","0.3%","N","N","N","N","1.2%","0.1%","0.3%","0.1%","0.0%","0.2%","0.3%","0.2%","0.0%","N","N","N","N","0.2%","2.2%","0.5%","0.8%","0.6%","0.0%","","626,431","97.3%","1.5%","1.3%","1.8%","0.1%","0.3%","","626,431","1.5%","0.3%","0.5%","0.1%","0.5%","98.5%","94.0%","0.8%","0.3%","1.2%","0.0%","0.1%","2.1%","0.1%","2.0%","(X)"
"Virginia","","","","","","","","","","","","","","","","","","","","","","","","","","","","","","","","","","","","","","","","","","","","","","","","","","","","","","","","","","","","","","","","","","","","","","","","","","","","","","","","","","","","",""
"    Estimate","","8,096,604","3,978,779","4,117,825","508,416","515,172","516,238","554,009","583,925","1,102,896","1,108,137","1,202,545","518,366","476,565","572,124","307,943","130,268","37.6","6,243,511","5,875,404","1,284,761","1,010,335","6,243,511","3,026,460","3,217,051","1,010,335","437,722","572,613","","8,096,604","7,855,858","240,746","7,855,858","5,615,742","1,581,452","24,374","3,218","697","798","909","455,242","110,604","53,749","66,805","11,732","78,492","59,821","74,039","5,084","1,520","2,063","692","809","173,964","240,746","76,721","24,019","61,688","10,289","","8,096,604","5,819,499","1,698,860","80,009","542,341","15,241","206,828","","8,096,604","648,793","158,099","78,017","15,529","397,148","7,447,811","5,209,830","1,552,906","18,918","451,453","4,725","15,832","194,147","6,388","187,759","3,387,801"
"    Percent","","8,096,604","49.1%","50.9%","6.3%","6.4%","6.4%","6.8%","7.2%","13.6%","13.7%","14.9%","6.4%","5.9%","7.1%","3.8%","1.6%","(X)","77.1%","72.6%","15.9%","12.5%","6,243,511","48.5%","51.5%","1,010,335","43.3%","56.7%","","8,096,604","97.0%","3.0%","97.0%","69.4%","19.5%","0.3%","0.0%","0.0%","0.0%","0.0%","5.6%","1.4%","0.7%","0.8%","0.1%","1.0%","0.7%","0.9%","0.1%","0.0%","0.0%","0.0%","0.0%","2.1%","3.0%","0.9%","0.3%","0.8%","0.1%","","8,096,604","71.9%","21.0%","1.0%","6.7%","0.2%","2.6%","","8,096,604","8.0%","2.0%","1.0%","0.2%","4.9%","92.0%","64.3%","19.2%","0.2%","5.6%","0.1%","0.2%","2.4%","0.1%","2.3%","(X)"
"Washington","","","","","","","","","","","","","","","","","","","","","","","","","","","","","","","","","","","","","","","","","","","","","","","","","","","","","","","","","","","","","","","","","","","","","","","","","","","","","","","","","","","","",""
"    Estimate","","6,830,038","3,408,061","3,421,977","439,347","429,725","444,223","450,496","482,821","959,672","914,023","973,954","458,465","416,069","483,777","257,371","120,095","37.3","5,249,796","4,967,353","1,108,282","861,243","5,249,796","2,598,833","2,650,963","861,243","385,813","475,430","","6,830,038","6,509,219","320,819","6,509,219","5,357,161","239,665","91,703","4,565","4,428","980","2,433","501,712","61,509","107,306","88,257","34,438","57,946","72,398","79,858","40,300","5,138","7,891","14,856","12,415","278,678","320,819","61,509","74,303","81,389","5,941","","6,830,038","5,638,753","335,290","195,098","624,622","77,078","314,301","","6,830,038","789,060","651,662","25,644","5,369","106,385","6,040,978","4,913,649","231,498","81,063","497,932","39,245","10,623","266,968","5,247","261,721","2,907,605"
"    Percent","","6,830,038","49.9%","50.1%","6.4%","6.3%","6.5%","6.6%","7.1%","14.1%","13.4%","14.3%","6.7%","6.1%","7.1%","3.8%","1.8%","(X)","76.9%","72.7%","16.2%","12.6%","5,249,796","49.5%","50.5%","861,243","44.8%","55.2%","","6,830,038","95.3%","4.7%","95.3%","78.4%","3.5%","1.3%","0.1%","0.1%","0.0%","0.0%","7.3%","0.9%","1.6%","1.3%","0.5%","0.8%","1.1%","1.2%","0.6%","0.1%","0.1%","0.2%","0.2%","4.1%","4.7%","0.9%","1.1%","1.2%","0.1%","","6,830,038","82.6%","4.9%","2.9%","9.1%","1.1%","4.6%","","6,830,038","11.6%","9.5%","0.4%","0.1%","1.6%","88.4%","71.9%","3.4%","1.2%","7.3%","0.6%","0.2%","3.9%","0.1%","3.8%","(X)"
"West Virginia","","","","","","","","","","","","","","","","","","","","","","","","","","","","","","","","","","","","","","","","","","","","","","","","","","","","","","","","","","","","","","","","","","","","","","","","","","","","","","","","","","","","",""
"    Estimate","","1,855,364","914,474","940,890","104,148","105,786","109,372","119,898","121,962","217,905","233,792","268,653","140,723","131,808","166,663","97,463","37,191","41.4","1,468,533","1,389,225","377,740","301,317","1,468,533","715,129","753,404","301,317","131,915","169,402","","1,855,364","1,816,997","38,367","1,816,997","1,741,915","56,178","2,834","N","N","N","N","11,492","3,074","1,731","1,606","213","1,043","1,177","2,648","126","N","N","N","N","4,452","38,367","14,737","15,374","3,068","1,605","","1,855,364","1,777,699","74,153","21,452","15,700","760","5,954","","1,855,364","21,302","10,532","3,382","39","7,349","1,834,062","1,726,474","55,364","2,729","11,301","126","1,348","36,720","876","35,844","881,821"
"    Percent","","1,855,364","49.3%","50.7%","5.6%","5.7%","5.9%","6.5%","6.6%","11.7%","12.6%","14.5%","7.6%","7.1%","9.0%","5.3%","2.0%","(X)","79.2%","74.9%","20.4%","16.2%","1,468,533","48.7%","51.3%","301,317","43.8%","56.2%","","1,855,364","97.9%","2.1%","97.9%","93.9%","3.0%","0.2%","N","N","N","N","0.6%","0.2%","0.1%","0.1%","0.0%","0.1%","0.1%","0.1%","0.0%","N","N","N","N","0.2%","2.1%","0.8%","0.8%","0.2%","0.1%","","1,855,364","95.8%","4.0%","1.2%","0.8%","0.0%","0.3%","","1,855,364","1.1%","0.6%","0.2%","0.0%","0.4%","98.9%","93.1%","3.0%","0.1%","0.6%","0.0%","0.1%","2.0%","0.0%","1.9%","(X)"
"Wisconsin","","","","","","","","","","","","","","","","","","","","","","","","","","","","","","","","","","","","","","","","","","","","","","","","","","","","","","","","","","","","","","","","","","","","","","","","","","","","","","","","","","","","",""
"    Estimate","","5,711,767","2,835,132","2,876,635","349,200","363,312","380,698","399,703","387,481","731,214","709,248","863,551","393,469","341,677","410,821","264,106","117,287","38.7","4,387,367","4,130,834","993,265","792,214","4,387,367","2,157,197","2,230,170","792,214","345,356","446,858","","5,711,767","5,594,970","116,797","5,594,970","4,980,495","356,550","48,065","299","16,440","283","877","130,617","26,626","19,174","8,279","2,174","7,361","4,516","62,487","1,485","388","460","92","545","77,758","116,797","35,505","29,716","18,854","5,586","","5,711,767","5,083,936","408,046","90,634","154,925","6,190","93,160","","5,711,767","345,297","252,538","51,488","3,322","37,949","5,366,470","4,741,024","349,932","44,876","130,040","1,413","4,020","95,165","1,695","93,470","2,634,806"
"    Percent","","5,711,767","49.6%","50.4%","6.1%","6.4%","6.7%","7.0%","6.8%","12.8%","12.4%","15.1%","6.9%","6.0%","7.2%","4.6%","2.1%","(X)","76.8%","72.3%","17.4%","13.9%","4,387,367","49.2%","50.8%","792,214","43.6%","56.4%","","5,711,767","98.0%","2.0%","98.0%","87.2%","6.2%","0.8%","0.0%","0.3%","0.0%","0.0%","2.3%","0.5%","0.3%","0.1%","0.0%","0.1%","0.1%","1.1%","0.0%","0.0%","0.0%","0.0%","0.0%","1.4%","2.0%","0.6%","0.5%","0.3%","0.1%","","5,711,767","89.0%","7.1%","1.6%","2.7%","0.1%","1.6%","","5,711,767","6.0%","4.4%","0.9%","0.1%","0.7%","94.0%","83.0%","6.1%","0.8%","2.3%","0.0%","0.1%","1.7%","0.0%","1.6%","(X)"
"Wyoming","","","","","","","","","","","","","","","","","","","","","","","","","","","","","","","","","","","","","","","","","","","","","","","","","","","","","","","","","","","","","","","","","","","","","","","","","","","","","","","","","","","","",""
"    Estimate","","568,158","289,416","278,742","39,022","35,530","39,025","38,768","40,205","79,318","66,597","80,644","44,382","32,638","41,068","23,445","7,516","36.8","433,067","407,884","90,847","72,029","433,067","220,087","212,980","72,029","33,323","38,706","","568,158","552,518","15,640","552,518","515,335","5,079","12,241","57","432","251","580","4,833","1,062","914","1,244","661","396","194","362","201","N","N","N","N","14,829","15,640","2,540","8,262","1,692","84","","568,158","530,643","7,940","21,388","6,929","831","16,886","","568,158","51,758","39,020","1,191","37","11,510","516,400","486,070","5,018","10,350","4,575","93","50","10,244","114","10,130","265,554"
"    Percent","","568,158","50.9%","49.1%","6.9%","6.3%","6.9%","6.8%","7.1%","14.0%","11.7%","14.2%","7.8%","5.7%","7.2%","4.1%","1.3%","(X)","76.2%","71.8%","16.0%","12.7%","433,067","50.8%","49.2%","72,029","46.3%","53.7%","","568,158","97.2%","2.8%","97.2%","90.7%","0.9%","2.2%","0.0%","0.1%","0.0%","0.1%","0.9%","0.2%","0.2%","0.2%","0.1%","0.1%","0.0%","0.1%","0.0%","N","N","N","N","2.6%","2.8%","0.4%","1.5%","0.3%","0.0%","","568,158","93.4%","1.4%","3.8%","1.2%","0.1%","3.0%","","568,158","9.1%","6.9%","0.2%","0.0%","2.0%","90.9%","85.6%","0.9%","1.8%","0.8%","0.0%","0.0%","1.8%","0.0%","1.8%","(X)"
"Puerto Rico","","","","","","","","","","","","","","","","","","","","","","","","","","","","","","","","","","","","","","","","","","","","","","","","","","","","","","","","","","","","","","","","","","","","","","","","","","","","","","","","","","","","",""
"    Estimate","","3,706,690","1,770,224","1,936,466","216,792","227,780","265,472","284,644","268,487","471,617","482,098","483,136","219,782","221,810","326,228","174,097","64,747","37.5","2,830,195","2,652,599","698,832","565,072","2,830,195","1,325,325","1,504,870","565,072","245,984","319,088","","3,706,690","3,209,027","497,663","3,209,027","2,539,680","290,083","8,254","N","N","N","N","9,489","N","N","N","N","N","N","N","0","N","N","N","N","361,521","497,663","458,390","1,758","1,209","2,002","","3,706,690","3,029,292","766,760","22,907","13,187","688","385,400","","3,706,690","3,667,710","11,155","3,542,571","18,180","95,804","38,980","28,436","2,956","134","1,685","0","1,868","3,901","164","3,737","1,567,959"
"    Percent","","3,706,690","47.8%","52.2%","5.8%","6.1%","7.2%","7.7%","7.2%","12.7%","13.0%","13.0%","5.9%","6.0%","8.8%","4.7%","1.7%","(X)","76.4%","71.6%","18.9%","15.2%","2,830,195","46.8%","53.2%","565,072","43.5%","56.5%","","3,706,690","86.6%","13.4%","86.6%","68.5%","7.8%","0.2%","N","N","N","N","0.3%","N","N","N","N","N","N","N","0.0%","N","N","N","N","9.8%","13.4%","12.4%","0.0%","0.0%","0.1%","","3,706,690","81.7%","20.7%","0.6%","0.4%","0.0%","10.4%","","3,706,690","98.9%","0.3%","95.6%","0.5%","2.6%","1.1%","0.8%","0.1%","0.0%","0.0%","0.0%","0.1%","0.1%","0.0%","0.1%","(X)"